rank,player_id,rapm_100,ci_lo,ci_hi,poss,player,team,season_min,season_pm
1,203999,5.528205292976418,3.29478851858316,7.847691587401114,5796,Nikola Jokić,DEN,2736.5333333333333,682
2,1628384,5.271962637716083,2.5382144750448985,8.295692981047974,3596,OG Anunoby,NYK,1702.035,390
3,1628973,4.939514475959601,2.06095234778968,7.558191462289852,5679,Jalen Brunson,NYK,2726.3033333333333,512
4,202331,4.8352557880349805,1.8038549139954239,7.36877745223164,5222,Paul George,LAC,2501.766666666667,461
5,1628983,4.802198877950691,2.4419101377444496,7.218531936707592,5647,Shai Gilgeous-Alexander,OKC,2552.6866666666665,613
6,1628401,4.195536075939407,1.8313395571707507,6.528773204268095,5058,Derrick White,BOS,2380.985,619
7,203994,4.068251510627419,1.4505357652790636,6.217434675076243,4460,Jusuf Nurkić,PHX,2078.035,404
8,203957,3.7714941231266343,0.7565117203650926,6.559057747628265,2369,Dante Exum,DAL,1087.6216666666667,239
9,1629029,3.771122976899928,0.5726720347613867,6.131885098757271,5741,Luka Dončić,DAL,2624.04,319
10,1630573,3.757788552163505,1.1901779175075708,6.10696488235514,3655,Sam Hauser,BOS,1740.585,492
11,1628392,3.710723814990322,0.5798718237207425,5.992170432519762,3972,Isaiah Hartenstein,NYK,1896.3483333333334,406
12,1628378,3.703500967459144,1.0039043827438103,6.146201949951534,4222,Donovan Mitchell,CLE,1942.65,325
13,203484,3.6475447019822287,1.0927779706108303,5.918444440752147,5056,Kentavious Caldwell-Pope,DEN,2401.7566666666667,572
14,1641764,3.635820335932253,0.6226318290981573,6.572292752162115,4254,Brandin Podziemski,GSW,1968.2533333333333,264
15,1630169,3.62312227719075,1.076293714019667,5.934334907225001,4912,Tyrese Haliburton,IND,2223.5383333333334,294
16,202695,3.613071865003701,0.9178708996557237,5.723362374487725,4893,Kawhi Leonard,LAC,2330.04,392
17,203081,3.60305150904715,0.6342783573336241,5.551060968024672,5686,Damian Lillard,MIL,2578.4283333333333,389
18,202681,3.47798888559116,0.559729650445052,6.176026235309267,4386,Kyrie Irving,DAL,2029.6083333333333,277
19,1630631,3.4626750215727466,0.9333291236837653,5.909972971552252,2217,Jose Alvarado,NOP,1028.37,240
20,203992,3.442133093336256,0.7440894478312896,5.747213728794718,5212,Bogdan Bogdanović,ATL,2401.4083333333333,127
21,1629111,3.404133253257505,1.0184834102801468,6.177239803196114,1678,Jock Landale,HOU,763.46,161
22,1630198,3.372816235004029,0.4032191819023177,6.034272861141837,3258,Isaiah Joe,OKC,1444.8666666666666,352
23,203954,3.3659302659749786,-0.25104838314885297,6.609283686967753,2827,Joel Embiid,PHI,1309.3716666666667,267
24,1627832,3.3279854952758035,1.1270482972501483,5.547849243600794,5707,Fred VanVleet,HOU,2684.4266666666667,183
25,1630200,3.3278797202377435,0.2957232751459079,5.516285855281583,4730,Tre Jones,SAS,2138.18,-22
26,2544,3.29881935032189,0.7230376774688967,5.891966407978913,5456,LeBron James,LAL,2503.6833333333334,218
27,202710,3.2576270395773874,0.5040630695146273,6.083463327975039,4242,Jimmy Butler III,MIA,2042.0583333333334,215
28,203507,3.128843513229168,-0.47850559447439744,5.642570690523124,5591,Giannis Antetokounmpo,MIL,2567.2433333333333,339
29,203458,3.052980134649337,1.0024042146067926,4.974762135591276,957,Alex Len,SAC,444.245,142
30,1630202,2.9917497417241616,0.37072926765844155,5.441701231259818,3776,Payton Pritchard,BOS,1825.7333333333333,449
31,1628368,2.9782825507757917,0.7989483924432489,5.367883140571505,5750,De'Aaron Fox,SAC,2658.7633333333333,233
32,1628371,2.956370968234962,0.3765529556467213,5.423536778842212,1909,Jonathan Isaac,ORL,914.61,182
33,203497,2.8030405874323674,0.2965546920713207,5.447348191217298,5411,Rudy Gobert,MIN,2593.1133333333332,411
34,1630178,2.795002381208383,-0.34360640258967867,5.510911017610594,5535,Tyrese Maxey,PHI,2625.806666666667,303
35,1628374,2.771432845621405,0.2325081243656754,5.704260456263038,3964,Lauri Markkanen,UTA,1819.7466666666667,21
36,1631107,2.7685180148246125,0.15177359047126082,5.938634011995697,1860,Nikola Jović,MIA,896.2366666666667,149
37,1630532,2.74023150497981,-0.5929111257206208,5.163175815863763,4900,Franz Wagner,ORL,2337.4166666666665,204
38,1626168,2.7210286049557992,0.03233283290051363,4.996659846303583,2521,Trey Lyles,SAC,1158.2183333333332,179
39,1630162,2.70418215381134,0.136620361454525,5.283203702935754,5885,Anthony Edwards,MIN,2770.383333333333,432
40,1629162,2.7037622567540316,0.323515350235938,5.351491819462689,1356,Jordan McLaughlin,MIN,626.12,155
41,1629004,2.6696179702821055,0.11051990692567162,5.15747857459518,861,Svi Mykhailiuk,BOS,413.16333333333336,149
42,1628369,2.639980136998116,0.283991960720818,5.033512111731296,5555,Jayson Tatum,BOS,2645.213333333333,608
43,1626164,2.6264961201475376,0.38114320581732053,5.221087138556582,5277,Devin Booker,PHX,2446.6566666666668,316
44,1628404,2.608217997413659,-0.2618323995987744,5.588033992245638,5610,Josh Hart,NYK,2706.7716666666665,346
45,204001,2.431212998879912,-0.1840084836812248,4.518820233418465,3624,Kristaps Porziņģis,BOS,1689.9483333333333,417
46,1630530,2.4272280830155304,-0.719486290866645,5.014517422776256,3640,Trey Murphy III,NOP,1690.265,265
47,204060,2.423815854232822,-0.4114921720288718,5.012560752392346,2479,Joe Ingles,ORL,1169.0316666666668,165
48,1630230,2.4231363202983554,-0.3508382838536951,5.118458664942238,2723,Naji Marshall,NOP,1257.1233333333332,205
49,1629001,2.373539157275721,-1.4796897383292285,5.731746869933633,2200,De'Anthony Melton,PHI,1023.3316666666667,218
50,1629674,2.3481825379693513,0.2667789347565892,4.519925781447695,694,Neemias Queta,BOS,333.21666666666664,135
51,1626157,2.2927892359726303,-0.7047710840413791,4.806030740375738,4255,Karl-Anthony Towns,MIN,2025.565,321
52,203110,2.2871290126298174,-0.4280216980983648,4.782876881973339,3300,Draymond Green,GSW,1490.1833333333334,171
53,1629731,2.2019775859615716,-1.0021635532598892,4.820460940693209,2350,Dean Wade,CLE,1108.08,177
54,1630581,2.159708660537232,-0.5687481707909688,4.8699215352922,4404,Josh Giddey,OKC,2011.5583333333334,376
55,1629638,2.156453780140405,-0.5423638182727396,5.237017363864494,4126,Nickeil Alexander-Walker,MIN,1920.9183333333333,312
56,201143,2.1505630898113286,-0.0941252710937197,4.7065812839280206,3648,Al Horford,BOS,1739.7966666666666,421
57,1628449,2.150022858263511,-0.2862122608781902,4.803454991174893,1499,Chris Boucher,TOR,704.8833333333333,28
58,203915,2.135672654628512,-0.9241403130399881,5.1709230893189115,4654,Spencer Dinwiddie,LAL,2152.4083333333333,67
59,203552,2.1353745334252263,-0.2242041927060826,4.478329276750175,1340,Seth Curry,CHA,615.4133333333333,60
60,1626167,2.1105789940431854,-0.4326386847999525,4.478870047960086,4540,Myles Turner,IND,2076.4366666666665,220
61,1626156,2.1098534256384474,-0.4178116067032549,4.379953233564818,5470,D'Angelo Russell,LAL,2484.1283333333336,184
62,201939,2.027608329661513,-0.7686544467600218,4.760181876760765,5367,Stephen Curry,GSW,2421.5383333333334,189
63,1630572,1.9566884038913037,-0.03834541066021703,3.9571730472349147,1011,Sandro Mamukelashvili,SAS,450.9583333333333,45
64,1626181,1.9509213611915908,-0.7698802741296817,4.500010525954028,4296,Norman Powell,LAC,1990.3783333333333,212
65,1629622,1.9258537024383204,-0.5796902582965873,4.365702765527511,4795,Max Strus,CLE,2239.175,254
66,201567,1.9230947644721554,-0.5982831606724521,4.207697448721416,1969,Kevin Love,MIA,924.2633333333333,109
67,1631106,1.8028332376034575,0.16566486998405316,3.5624035734225803,1040,Tari Eason,HOU,480.105,88
68,1628988,1.7923052192940383,-0.5948642793219219,4.344515809206051,2787,Aaron Holiday,HOU,1269.2966666666666,85
69,1630529,1.7750896009643573,-0.7096277439168084,4.1845241638049036,4912,Herbert Jones,NOP,2321.4283333333333,231
70,1631096,1.6908896074282382,-1.0268862479289649,3.9063355219225384,5264,Chet Holmgren,OKC,2412.7966666666666,423
71,203076,1.6865676228919435,-0.8250750277985833,4.164866508138247,5954,Anthony Davis,LAL,2700.2433333333333,151
72,203496,1.684032322686769,-1.320984350983697,4.545825211396865,1029,Robert Covington,PHI,488.415,104
73,1627739,1.6724917599507856,-0.7379060936409223,4.287453066967222,2718,Kris Dunn,UTA,1249.1766666666667,14
74,1631099,1.6405384239023126,-0.9523624221839815,3.975084880973042,5532,Keegan Murray,SAC,2588.5666666666666,138
75,1631323,1.638113739492743,-1.1312689839972414,4.069995518648988,3607,Simone Fontecchio,DET,1643.8933333333334,-27
76,1641726,1.618675886853744,-1.033733438662869,4.264661595760607,2809,Dereck Lively II,DAL,1294.2816666666668,144
77,1631165,1.616258123093,-0.7689869205823747,3.7709341958929947,2069,Keon Ellis,SAC,978.485,93
78,204456,1.6143422089467387,-1.2230295584271258,4.1949989460484725,2861,T.J. McConnell,IND,1290.9766666666667,95
79,1631114,1.6020238029322913,-1.0918961811450902,4.1131883026324765,4873,Jalen Williams,OKC,2223.5983333333334,383
80,1627763,1.59102735229588,-1.0149133440878289,4.065161862209232,2366,Malcolm Brogdon,POR,1120.8166666666666,-81
81,1628467,1.5870388709699679,-0.9698299340155899,4.362337833783929,1907,Maxi Kleber,DAL,871.4116666666666,124
82,1627736,1.5756051161401319,-1.806533552852447,4.008664986436386,5135,Malik Beasley,MIL,2337.3716666666664,291
83,1626220,1.5658791184647425,-1.2386255203949197,4.4167070468394884,4254,Royce O'Neale,PHX,1954.2416666666666,117
84,1630264,1.5585370962586746,-1.3301149379225325,4.6955537797397024,1034,Anthony Gill,WAS,466.49666666666667,5
85,1630550,1.5545185871875948,-1.2801916252041723,4.402838245231794,1663,JT Thor,CHA,780.6266666666667,-49
86,1630549,1.5433461812693732,-1.339160065334166,4.514740142801953,1967,Day'Ron Sharpe,BKN,920.575,64
87,1630167,1.5416213430737866,-1.2920100893848503,4.168302086776775,3880,Obi Toppin,IND,1730.6016666666667,141
88,1631170,1.5335872035843259,-0.9865266976520164,3.9429228970608854,4439,Jaime Jaquez Jr.,MIA,2113.195,108
89,101108,1.532566891770194,-1.3220755888331617,4.168499181295389,3284,Chris Paul,GSW,1530.89,110
90,1626153,1.529904987693335,-1.324602640450819,4.209316664459403,1607,Delon Wright,MIA,741.5666666666667,13
91,1631260,1.5032859077549425,-1.1387652790659049,4.425839449469844,1295,AJ Green,MIL,614.2816666666666,50
92,1629060,1.4800826599317771,-0.8995527217965018,3.9912194351475607,4014,Rui Hachimura,LAL,1825.4933333333333,123
93,1631246,1.450872125454946,-1.1052757999653033,3.8670807565736727,3042,Vince Williams Jr.,MEM,1436.53,-91
94,201587,1.4260491684822747,-2.567043915454997,4.986712726198824,3213,Nicolas Batum,PHI,1529.5866666666666,177
95,1628420,1.424034138598896,-0.8354035438779863,3.8883435764272813,1023,Monte Morris,MIN,476.04333333333335,86
96,1629655,1.4112836011511154,-1.5445514399363864,3.7312185846418973,3977,Daniel Gafford,DAL,1814.355,-102
97,1629008,1.4036004591088493,-1.2454179719661844,3.7412902657251865,5370,Michael Porter Jr.,DEN,2564.605,472
98,1641774,1.3882084157867294,-0.5739982261557833,3.3784065686445164,342,Tristan Vukcevic,WAS,153.41166666666666,32
99,201935,1.3437561281588466,-1.2195165024256522,3.7882888617762456,5129,James Harden,LAC,2469.6683333333335,291
100,201142,1.3123913054385126,-1.1365300697379066,3.801225307120295,6021,Kevin Durant,PHX,2790.6366666666668,291
101,1631207,1.3040749079680145,-1.4260859063447837,3.9974315974940797,1464,Dalen Terry,CHI,680.71,36
102,201572,1.2867370266255165,-1.6942153703813503,3.657297779240421,5294,Brook Lopez,MIL,2411.1516666666666,278
103,1629675,1.2620282972215993,-1.4867645397550093,4.109913722856337,4225,Naz Reid,MIN,1963.8283333333334,248
104,1627750,1.2487268563693674,-1.8058003846457242,3.4828229886328153,3851,Jamal Murray,DEN,1861.37,311
105,1630639,1.244148536205788,-0.7513031769716096,3.2566480888420806,713,A.J. Lawson,DAL,310.9,18
106,1628975,1.2306602230036434,-1.2576804313361014,4.1486218833383015,2160,Jevon Carter,CHI,1003.6016666666667,27
107,1630194,1.2175988876870596,-1.0669153742311615,4.03256736214071,3299,Paul Reed,PHI,1589.5016666666668,96
108,1631109,1.214716470295984,-0.6657477689256412,3.0164762802708998,1086,Mark Williams,CHA,508.39166666666665,-21
109,1627936,1.210641737014682,-1.3620436691167024,3.5350562136176564,4309,Alex Caruso,CHI,2040.3433333333332,4
110,1627788,1.191752810931275,-0.9232766651836646,3.206175525379917,667,Furkan Korkmaz,PHI,299.9266666666667,45
111,1629632,1.1578816705903872,-1.46022522840458,3.437441821367104,6044,Coby White,CHI,2881.3566666666666,-35
112,1627780,1.1370861852396674,-1.245577379317707,3.928756762277536,1520,Gary Payton II,GSW,679.9,83
113,1630256,1.128080776270195,-1.319343351555468,3.378440147687402,2235,Jae'Sean Tate,HOU,1031.4566666666667,78
114,203935,1.127195047891868,-1.0895479196514124,3.384940905438514,1327,Marcus Smart,MEM,604.845,-20
115,1629026,1.1252704195832794,-1.5872250115984832,4.208992249483606,2215,Kenrich Williams,OKC,1029.0066666666667,152
116,1628984,1.117369147134671,-0.7396482662549982,3.0059307928959553,675,Devonte' Graham,SAS,312.92333333333335,23
117,1628436,1.1145644866999702,-1.9691823829979322,3.9009574912328775,2011,Luke Kornet,BOS,983.31,218
118,202699,1.1092027286806387,-2.0866942850695622,3.965499057447982,4992,Tobias Harris,PHI,2367.78,224
119,1631262,1.0932479396457289,-0.5698583618586859,3.005603950534659,338,Jules Bernard,WAS,149.275,26
120,1641705,1.0520582873129365,-1.7640401538072235,3.531490733684272,4649,Victor Wembanyama,SAS,2106.235,-143
121,1630592,1.0470615160116326,-1.4834695255689145,3.5475034636948495,1400,Jalen Wilson,BKN,664.5366666666666,-4
122,1629630,1.0303726388140844,-0.8015891790072642,2.753078443560817,694,Ja Morant,MEM,317.925,11
123,1641708,1.0024929608767206,-1.2122232225988132,3.626432993014178,3042,Amen Thompson,HOU,1388.5316666666668,45
124,1641767,0.990450218110815,-1.7857146335474794,3.67745829970164,1807,Ben Sheppard,IND,814.26,69
125,1641739,0.9775614131653672,-1.7225410321138317,3.354450949100028,3649,Toumani Camara,POR,1739.32,-189
126,1630174,0.9755436939316383,-1.6943242694698513,3.142091833343925,4359,Aaron Nesmith,IND,1994.655,161
127,203995,0.96190131823767,-1.292980253065553,3.3001752855547215,2459,Vasilije Micic,CHA,1175.73,-74
128,203200,0.9613634055777945,-1.7254885239499531,3.6851619423699598,1837,Justin Holiday,DEN,862.0133333333333,55
129,1628989,0.9459468890890083,-1.6728162228814538,3.2989179189666507,3353,Kevin Huerter,SAC,1562.2266666666667,75
130,1630205,0.9379967945622955,-1.6434247390574006,3.48457678490039,1165,Lamar Stevens,MEM,559.0133333333333,9
131,1630191,0.9371050697596311,-1.3772368508087918,3.5468566442001617,3052,Isaiah Stewart,DET,1422.8166666666666,-133
132,203468,0.9098863866838786,-1.5886191552296163,3.850718065846107,4601,CJ McCollum,NOP,2158.536666666667,195
133,203469,0.9071337436680251,-1.2549084092113791,3.0448315008549685,723,Cody Zeller,NOP,319.70666666666665,46
134,1627747,0.8995799342231582,-2.128259318427526,3.8862303574822032,4231,Caris LeVert,CLE,1958.0833333333333,120
135,201144,0.8985259680822054,-1.9706799653721307,3.8141618410982416,4564,Mike Conley,MIN,2193.4583333333335,274
136,1630541,0.8941965204507436,-1.3210704353278047,3.9121520238500342,2525,Moses Moody,GSW,1155.885,99
137,1630548,0.8938755572439221,-1.1774842871112168,2.7329045644321037,775,Johnny Juzang,UTA,371.80333333333334,-8
138,1631321,0.8759269922547045,-0.6247635702762289,2.4655011423689475,315,Sidy Cissoko,SAS,140.91833333333332,25
139,1629750,0.8538844511508125,-0.9970969204189305,2.4854374767663003,488,Javonte Green,CHI,230.4,28
140,1629048,0.8313769815392467,-1.7437937341983405,3.1144605586663823,1991,Goga Bitadze,ORL,957.0866666666667,26
141,1630166,0.819597126278943,-1.841316035112622,3.2403205108725066,5019,Deni Avdija,WAS,2256.6433333333334,-329
142,203490,0.8146565260709355,-0.8851634767087662,2.264566653156143,385,Otto Porter Jr.,TOR,174.07333333333332,22
143,1628960,0.8143810719868173,-1.5673275912986089,3.214421897179475,5405,Grayson Allen,PHX,2513.3,262
144,1629636,0.808040539947062,-1.7739324715543274,3.7842430831654896,4002,Darius Garland,CLE,1900.4383333333333,112
145,1629022,0.8020686777909011,-1.6503044839293814,3.3713112037050337,2187,Lonnie Walker IV,BKN,1011.14,5
146,1627742,0.7897155926160476,-1.8284572681282492,3.5143241330082127,4509,Brandon Ingram,NOP,2102.68,175
147,1629020,0.780263151746279,-1.6067157939267398,3.2465643319546853,1291,Jarred Vanderbilt,LAL,581.2366666666667,43
148,1630204,0.768165761006846,-1.1371199672801071,2.7740948041997076,650,Ashton Hagans,POR,315.57166666666666,-4
149,1630193,0.7503834984872177,-2.258257530535663,3.2697955620335937,4301,Immanuel Quickley,TOR,1985.3366666666666,-34
150,203914,0.7348190099913741,-2.383789886717873,3.73039338444171,2736,Gary Harris,ORL,1297.3466666666666,91
151,203944,0.7221205278265713,-2.147572366057038,3.6886066384032823,3469,Julius Randle,NYK,1630.095,218
152,1629216,0.7123363334771718,-1.88194860036575,3.1485201798135325,479,Gabe Vincent,LAL,217.635,31
153,1631119,0.7102573694045289,-1.7967554800812122,3.381532320066066,1946,Jaylin Williams,OKC,896.9466666666667,124
154,1630180,0.70172794965322,-1.6350017026112789,3.2685313511825713,4494,Saddiq Bey,ATL,2061.6583333333333,-19
155,1631116,0.6968803667066292,-1.8898512390835775,3.043465910026619,1109,Patrick Baldwin Jr.,WAS,493.5083333333333,-23
156,203991,0.6930635653872341,-1.4589402687159854,3.201638945677314,4079,Clint Capela,ATL,1883.0866666666666,-17
157,203083,0.6676298331587605,-1.882672709942663,3.1316986775463924,2863,Andre Drummond,CHI,1351.2516666666668,26
158,1628464,0.6334712332562414,-1.5610581771736314,3.030358557456062,2156,Daniel Theis,LAC,1014.84,62
159,1631200,0.626760794176674,-1.9105265489671879,3.015577769351361,2838,Kris Murray,POR,1348.2716666666668,-164
160,1641716,0.6050742597728502,-1.8815246697436765,3.233981834180656,757,Jarace Walker,IND,340.42333333333335,19
161,1630228,0.5928430818919619,-2.7015373847490776,3.5117593635588102,4262,Jonathan Kuminga,GSW,1949.5133333333333,125
162,201569,0.5713725715145015,-1.59051963512805,3.054405467386509,4079,Eric Gordon,PHX,1892.63,131
163,1630240,0.5628050825712768,-0.9295113670072618,2.149175857046405,404,Saben Lee,PHX,184.97166666666666,15
164,1630543,0.5343029303844721,-2.3522954314853086,2.86735627532641,1712,Isaiah Jackson,IND,770.905,29
165,1630678,0.5248532093489746,-1.3038342325402397,2.2533572579972065,409,Terry Taylor,CHI,187.63,16
166,1628386,0.5199641695519779,-2.215764350409808,3.1230178636812402,5175,Jarrett Allen,CLE,2442.0616666666665,201
167,1641741,0.5197499470864358,-1.550373082922507,2.4525620309546525,636,Ricky Council IV,PHI,288.64,12
168,201950,0.5065548159049541,-1.7380510214118106,2.5824975011078615,4749,Jrue Holiday,BOS,2263.278333333333,427
169,1641778,0.4993108907268973,-1.4421653067393918,2.578802300828101,598,Leaky Black,CHA,284.08166666666665,-27
170,1629052,0.4877867720064647,-1.920081899387403,2.8823804324173654,1338,Oshae Brissett,BOS,630.165,114
171,203939,0.48701630226532877,-1.7575516753010625,3.081164963828985,1842,Dwight Powell,DAL,836.3033333333333,3
172,1630249,0.4829285228350361,-1.341273149011327,2.35759655536646,1129,Vít Krejčí,ATL,541.32,1
173,1630578,0.4793535375032699,-1.4369173433927638,2.539590252339323,4344,Alperen Sengun,HOU,2045.635,49
174,1630241,0.46746259258030365,-2.0959478298729675,3.2465133265081234,2262,Sam Merrill,CLE,1068.9183333333333,28
175,1630611,0.44417873770644317,-1.2482379490469935,1.985481618531931,424,Gui Santos,GSW,192.09,16
176,202685,0.4267307693634051,-2.1267715735668533,3.029511945350235,4066,Jonas Valanciunas,NOP,1924.8316666666667,158
177,1628976,0.4122404534600756,-2.4650398538316765,3.144263712718418,2917,Wendell Carter Jr.,ORL,1406.3033333333333,51
178,1628963,0.40661995104777177,-2.1286571536407064,3.178387798758689,2320,Marvin Bagley III,WAS,1053.3516666666667,-137
179,1627783,0.40309667520302395,-2.223563702923811,3.1119604564469467,5771,Pascal Siakam,IND,2657.8883333333333,113
180,201565,0.39116795837562657,-1.5473811540056266,2.274740468046238,861,Derrick Rose,MEM,399.33666666666664,-33
181,203932,0.38532417427953575,-2.3251123362092825,2.5018412717492726,4827,Aaron Gordon,DEN,2296.81,423
182,1629021,0.38492464501228496,-1.9949443665456108,2.587169399539263,3011,Moritz Wagner,ORL,1414.7366666666667,93
183,1630175,0.38381680343320274,-1.9626969855791203,3.0489573313569864,3818,Cole Anthony,ORL,1817.3116666666667,110
184,1630346,0.3733311363082647,-2.066231826555442,2.6467895623993396,879,Matt Ryan,NOP,390.385,13
185,1641732,0.35667850664241635,-1.5897592325544183,2.6290159702304243,408,Colby Jones,SAC,191.73666666666668,9
186,1631311,0.33893202914733844,-1.8462115718656058,2.3935261775782872,872,Lester Quiñones,GSW,394.455,17
187,1631254,0.33833593731798983,-1.342290374227823,1.942063075879651,436,Kenneth Lofton Jr.,UTA,198.30166666666668,-11
188,1630591,0.33330050837987657,-2.7347542254713955,2.876991531111763,4308,Jalen Suggs,ORL,2024.59,45
189,1628997,0.33296370074337156,-2.1681446037200676,2.762838953934125,3644,Caleb Martin,MIA,1756.5533333333333,66
190,1631115,0.3220878225310934,-1.4098214085801375,1.9083354010189166,623,Orlando Robinson,MIA,303.69,12
191,1626174,0.31287857741377484,-2.539065227472032,3.2831953786116523,1894,Christian Wood,LAL,871.9433333333334,3
192,1629130,0.3058459615006589,-2.1674239299427422,2.932278530779702,3992,Duncan Robinson,MIA,1905.4483333333333,38
193,1630172,0.3057348756110343,-2.4811618457833062,2.7378569732989115,2471,Patrick Williams,CHI,1174.085,-14
194,1631230,0.3036519974363964,-1.5470691131365775,2.231979381243416,913,Dominick Barlow,SAS,419.54,-32
195,1627734,0.29102034659629084,-1.8180879071885896,2.4864181317109244,6281,Domantas Sabonis,SAC,2928.0216666666665,69
196,201942,0.28195740338037445,-2.2058887673136756,2.9907885471529383,6251,DeMar DeRozan,CHI,2988.568333333333,-62
197,1631221,0.23117801972057397,-1.6224805122040658,2.0826265581912358,479,Collin Gillespie,DEN,225.365,15
198,1628389,0.22901428250118042,-1.9661004556275583,3.161366578060405,5027,Bam Adebayo,MIA,2416.4733333333334,50
199,1630700,0.21437538157705802,-2.5593914304636787,3.2545734268699946,2907,Dyson Daniels,NOP,1358.525,71
200,1630231,0.20686729636050086,-2.15199307591779,2.7776004410777544,1601,KJ Martin,PHI,746.495,-7
201,1630215,0.20089710707767983,-2.205569972110735,2.725666305228134,1249,Jared Butler,WAS,565.6516666666666,-48
202,1628418,0.16908037669438075,-2.18725943795053,2.6799975398067644,923,Thomas Bryant,MIA,441.365,11
203,202687,0.16141403592747572,-2.325335159150576,2.703315022777593,1676,Bismack Biyombo,OKC,791.4616666666667,-65
204,1627751,0.15754585581170072,-2.6812594047764833,3.09777280567263,2842,Jakob Poeltl,TOR,1319.1083333333333,-17
205,1627863,0.1498620984113775,-2.019515587824009,2.378299019590292,1108,Danuel House Jr.,PHI,509.055,20
206,1641763,0.12899852980269624,-1.852205810163655,2.101073485616556,699,Julian Phillips,CHI,322.55,-4
207,202722,0.10725052348022582,-2.061423266680934,2.5156689708390667,1447,Davis Bertans,CHA,674.0716666666667,-74
208,201580,0.1056601340125358,-1.7232992208133435,1.7491480825595072,764,JaVale McGee,SAC,339.3616666666667,7
209,1629631,0.08448538451964385,-2.518135744640593,2.44245857027732,3653,De'Andre Hunter,ATL,1681.0933333333332,-49
210,1630544,0.07680142704720397,-2.148253271185107,2.1311232399777733,2039,Tre Mann,CHA,987.0983333333334,-127
211,1626172,0.07358717763257633,-2.9436576650819264,3.331400041775283,2555,Kevon Looney,GSW,1194.4283333333333,38
212,1627741,0.06029152744134379,-2.6626719496000564,2.859990064777147,4685,Buddy Hield,PHI,2159.8883333333333,64
213,1628372,0.04218117778046755,-2.373343706997723,2.6623501236964566,2227,Dennis Smith Jr.,BKN,1058.6583333333333,-36
214,1629626,0.01910504843630667,-1.9961591734632904,2.0588542805874672,1015,Bol Bol,PHX,469.0283333333333,13
215,201988,0.013374193278721525,-3.063807782138104,3.0575483393244447,891,Patty Mills,MIA,415.315,6
216,1630243,0.011690970242494941,-1.5100521750107068,1.4457005319033678,346,Trevelin Queen,ORL,164.72666666666666,-9
217,1628995,-0.00922745122624457,-2.4047063816993868,2.4648198105293986,1237,Kevin Knox II,POR,560.2333333333333,-85
218,1630598,-0.01664659462343443,-2.3914926298264154,2.596586308593146,2634,Aaron Wiggins,OKC,1227.9383333333333,94
219,1629661,-0.030000844045849927,-3.1955164938156497,3.044309142317679,3401,Cameron Johnson,BKN,1599.0383333333334,-77
220,1631197,-0.03416515000239584,-1.7802280986547068,1.4541963189889493,534,Jared Rhoden,DET,245.01666666666668,-39
221,1630224,-0.03656795997491393,-2.169187552521338,2.3283861126247425,5574,Jalen Green,HOU,2601.3816666666667,31
222,201152,-0.04823453243835625,-2.727542121773536,2.3017715233993483,935,Thaddeus Young,PHX,439.50166666666667,-40
223,1630579,-0.07016162402312055,-2.243960644098495,2.5990694643921595,1177,Jericho Sims,NYK,584.7833333333333,-10
224,1627826,-0.10946198882151238,-2.9423832422914105,2.2675443388933596,3712,Ivica Zubac,LAC,1794.4483333333333,184
225,1629012,-0.1183512255760539,-2.519385242325244,2.2974106810011827,4510,Collin Sexton,UTA,2074.7633333333333,-143
226,1629639,-0.12229709808259714,-2.512539772852221,2.137358942243823,2964,Tyler Herro,MIA,1407.105,31
227,1629677,-0.13760942788778285,-2.1805199567256963,1.767147518071749,878,Luka Samanic,UTA,404.37666666666667,-51
228,1631108,-0.15036798769898846,-2.7022658462778537,2.7147946617871788,2109,Max Christie,LAL,944.3183333333334,-17
229,1631218,-0.1587994068432181,-3.053570976530054,2.45212435668458,2448,Trayce Jackson-Davis,GSW,1130.4516666666666,32
230,1627827,-0.16860309944250654,-3.218859034893388,2.534711605829349,4086,Dorian Finney-Smith,BKN,1934.5933333333332,-107
231,203486,-0.18149804599729866,-2.529404392977002,2.1388646714831276,1451,Mason Plumlee,LAC,673.9266666666666,11
232,1630610,-0.2014879599960076,-1.703975655854523,1.3146828679492604,319,DeJon Jarreau,MEM,149.54666666666665,-24
233,1629680,-0.2147735021935761,-2.8592400459081206,2.4526271690427754,3151,Matisse Thybulle,POR,1487.3833333333334,-232
234,203114,-0.22101825631625027,-3.974782375666239,2.650078496507941,3256,Khris Middleton,MIL,1487.27,125
235,1629627,-0.23782937966012718,-2.9757815960664713,2.5235609272587975,4761,Zion Williamson,NOP,2206.923333333333,143
236,1630590,-0.24061896548920328,-2.408811737979315,1.9504444140488404,1122,Scotty Pippen Jr.,MEM,526.8283333333334,-72
237,1627777,-0.2573522090420536,-3.17642404644649,2.516069136012547,3897,Georges Niang,CLE,1831.125,31
238,1629652,-0.27568615298739335,-2.887508913290867,2.414787208984225,4911,Luguentz Dort,OKC,2245.971666666667,347
239,1626166,-0.2845596530879403,-2.9395565496970173,2.425649769883182,2817,Cameron Payne,PHI,1304.0766666666666,-11
240,1629669,-0.2869527257790114,-2.122511958612063,1.53267294811427,455,Jaylen Nowell,SAC,213.76333333333332,-33
241,1630285,-0.2877471373319562,-1.7623858065338385,1.3232159908767773,352,Zavier Simpson,DET,161.38333333333333,-29
242,1628365,-0.28905832273286725,-3.0259924288357287,2.448085368079076,1920,Markelle Fultz,ORL,909.9383333333334,13
243,1630168,-0.29298435549740914,-2.6885134758658094,2.0180427490099553,3115,Onyeka Okongwu,ATL,1404.7366666666667,-34
244,1629023,-0.2932674922049724,-2.951760811867101,2.3180164628353195,4770,P.J. Washington,DAL,2220.6783333333333,-133
245,1626204,-0.2949738159787201,-3.3820210820685013,2.1989210955259986,2603,Larry Nance Jr.,NOP,1216.1383333333333,71
246,203488,-0.295888943068038,-2.850428513410919,2.1984316565656643,1328,Mike Muscala,OKC,600.18,-90
247,1628426,-0.33139228717038566,-2.4079451793786033,1.7352419749600525,1117,Sasha Vezenkov,SAC,511.0733333333333,2
248,1630695,-0.33447209442530734,-2.1893998286538974,1.519539798193819,396,Micah Potter,UTA,186.06,-28
249,1626158,-0.3420684969178702,-2.844369625886036,2.3561457835845756,1213,Richaun Holmes,WAS,554.11,-90
250,1641871,-0.3592577172880184,-3.350668034588737,2.3714379142597335,2530,Duop Reath,POR,1214.115,-188
251,1628998,-0.37093294799926413,-2.4259635007837783,1.9893136387848824,1572,Cody Martin,CHA,752.9916666666667,-157
252,1629312,-0.3844337569408089,-3.1771793320019786,2.351999465446502,2850,Haywood Highsmith,MIA,1365.835,7
253,203471,-0.3937314321997526,-2.8845560546808793,2.5255590600863522,5312,Dennis Schröder,BKN,2485.945,-126
254,201568,-0.39375641468892686,-2.7793611434881846,2.521806187962858,1378,Danilo Gallinari,MIL,629.29,-99
255,203937,-0.39401602408212283,-3.2012048124027155,2.734209257737013,3831,Kyle Anderson,MIN,1781.8816666666667,167
256,1630699,-0.39929543377038956,-2.7407717460757173,2.5215323060830217,1357,MarJon Beauchamp,MIL,607.6883333333334,-12
257,201566,-0.40625534416262765,-3.332764852217921,2.72715222234139,3331,Russell Westbrook,LAC,1528.8166666666666,104
258,1641854,-0.42973417323397073,-2.8003582220376275,2.3170794996442368,1344,Craig Porter Jr.,CLE,649.355,-25
259,1627759,-0.43714150014856396,-2.505125460467581,1.609467751522617,5002,Jaylen Brown,BOS,2342.5216666666665,413
260,1631216,-0.4526277966468458,-2.7241268456694474,2.3654700941027818,1692,Caleb Houstan,ORL,815.335,-30
261,1629007,-0.4606706441624396,-2.6982022893783735,2.2363635951525804,795,Jontay Porter,DET,359.73833333333334,-72
262,202709,-0.4610799833399287,-2.771599854181221,1.7221174170079578,642,Cory Joseph,GSW,295.8933333333333,-12
263,1629723,-0.47036630373344607,-3.4017443537286156,2.1496453460304132,2469,John Konchar,MEM,1173.5733333333333,-151
264,1631172,-0.49241390369671806,-3.136743685661196,2.1426381373147083,775,Ousmane Dieng,OKC,364.9533333333333,1
265,1630692,-0.4959914161382795,-2.8937669979090117,1.9988050547413372,2235,Jordan Goodwin,MEM,1055.77,-93
266,1631093,-0.5104557939229372,-3.2785680351540885,1.8284166775124016,4817,Jaden Ivey,DET,2217.4766666666665,-350
267,1631104,-0.5145644873347233,-2.6164574488782133,1.4085251924182702,1943,Blake Wesley,SAS,875.925,-144
268,1630214,-0.5203279558956122,-3.043688567017169,2.315265432611294,2056,Xavier Tillman,BOS,974.555,-60
269,1627732,-0.5255786392861999,-4.038886296906638,2.479343892442825,775,Ben Simmons,BKN,358.9166666666667,-38
270,202684,-0.5259341233838253,-3.1718942855707155,2.43051146905316,1146,Tristan Thompson,CLE,548.9166666666666,-13
271,202704,-0.5389759195643754,-2.848260997637944,2.361878372733358,3894,Reggie Jackson,DEN,1816.82,79
272,1629006,-0.5508828332840559,-2.820011652268109,1.888568107894272,2074,Josh Okogie,PHX,959.715,6
273,1629614,-0.5540657598668495,-2.901231625276494,1.8171796844212709,3685,Andrew Nembhard,IND,1696.685,65
274,1629647,-0.5553320075324026,-2.017030730213265,0.6322510107371928,324,Darius Bazley,UTA,151.825,-33
275,1630197,-0.5673614057820577,-2.9676432277051843,1.8551316479387077,859,Aleksej Pokusevski,CHA,405.3833333333333,-74
276,1630552,-0.5961722258545982,-2.8715928886160382,2.148550447340778,4151,Jalen Johnson,ATL,1888.8666666666666,-76
277,202066,-0.622667947699096,-2.636946434912238,1.325489698066317,623,Garrett Temple,TOR,288.75333333333333,-79
278,203925,-0.6316438065965849,-2.2716060635245223,1.0996807106065747,380,Joe Harris,DET,169.97833333333332,-48
279,203903,-0.641990658705085,-3.0357242714677195,2.1942856211703576,3637,Jordan Clarkson,UTA,1682.3416666666667,-191
280,1629018,-0.6443962630700593,-3.427052531064523,2.1298365035904663,4329,Gary Trent Jr.,TOR,1993.5983333333334,-194
281,203078,-0.6570603022856564,-3.026558827354641,1.6511864837834969,3738,Bradley Beal,PHX,1766.7333333333333,107
282,1631222,-0.6654710113361909,-3.5931776427715416,2.363177336326195,1702,Jake LaRavia,MEM,805.55,-114
283,1630570,-0.6680665410871994,-3.276019581863025,1.9991624537964203,1829,Trendon Watford,BKN,856.52,-73
284,1629646,-0.670987456723251,-2.4200374117830807,1.273868540674055,468,Charles Bassey,SAS,205.275,-46
285,1629011,-0.6799073697799526,-3.246359916184513,1.6594222722411387,1585,Mitchell Robinson,NYK,768.11,13
286,201959,-0.6842327174417552,-2.2613217049507313,0.9257272554901765,432,Taj Gibson,DET,204.50333333333333,-29
287,1628969,-0.6945542728881958,-3.1547509916929792,1.9908021609664357,6062,Mikal Bridges,BKN,2854.24,-185
288,1631288,-0.6975455153452288,-2.6105805454495847,1.0712554446529008,551,Jamal Cain,MIA,259.09166666666664,-27
289,1641730,-0.7000041394060783,-2.8548752012887078,1.2793468270022088,792,Noah Clowney,BKN,369.85833333333335,-54
290,1641723,-0.7239766222626416,-2.232317957646738,0.7955792182562451,428,Kobe Bufkin,ATL,196.00333333333333,-35
291,1641709,-0.7369159788870583,-3.1200903235612127,1.9982527109593224,3413,Ausar Thompson,DET,1582.805,-231
292,1641715,-0.7627439694658306,-3.4571610552815546,1.822460357817311,1967,Cam Whitmore,HOU,880.3333333333334,-28
293,1630188,-0.764869718917008,-3.2707153537463123,1.5850761743391284,2299,Jalen Smith,IND,1046.625,-13
294,1631128,-0.7763856557148645,-3.1347589844657047,1.8326745716613972,3513,Christian Braun,DEN,1655.565,-13
295,1630534,-0.7850748466011422,-3.568885762708316,2.1936597021894393,3557,Ochai Agbaji,TOR,1641.6116666666667,-250
296,1629659,-0.7933498944094741,-3.562902146947434,1.9815469602992861,2164,Talen Horton-Tucker,UTA,1008.6983333333334,-107
297,1630558,-0.8004766058639073,-3.497870597303467,1.8679028879180914,2383,Davion Mitchell,SAC,1101.1,-45
298,1631303,-0.8046999750531619,-3.1451269694709567,1.1879429596937636,788,Justin Minaya,POR,380.98333333333335,-81
299,1630540,-0.8049378268319228,-4.105215519236712,2.274293138739435,2717,Miles McBride,NYK,1327.74,-16
300,203648,-0.8237699162667147,-2.8485007281213686,1.088071282326806,335,Thanasis Antetokounmpo,MIL,155.43166666666667,-40
301,1641722,-0.8396667695128547,-3.5385430541593434,1.8009958882558492,2522,Jordan Hawkins,NOP,1160.58,12
302,1626171,-0.8496590197574074,-3.1508461965230583,2.2371225168554787,4365,Bobby Portis Jr.,MIL,2008.1666666666667,-5
303,1629013,-0.8530293764997613,-3.446217083010181,1.8378834442198686,1613,Landry Shamet,WAS,726.4966666666667,-149
304,203482,-0.8798204337705731,-3.0415577406801155,1.9577465800904403,3850,Kelly Olynyk,TOR,1758.73,-262
305,1641712,-0.8800101936804584,-3.058253689637886,1.4753028436862043,1350,Rayan Rupert,POR,633.225,-124
306,200768,-0.8818788305640022,-3.374070907732556,1.571719193466898,3507,Kyle Lowry,PHI,1689.7666666666667,2
307,1641931,-0.8854682543500686,-2.99399547775661,1.1930604974238908,586,Onuralp Bitim,CHI,267.9916666666667,-45
308,1627884,-0.8966854975413316,-3.7887861294322587,1.8441150138325817,3888,Derrick Jones Jr.,DAL,1782.8566666666666,55
309,1630649,-0.9036227868120157,-3.2224500483619707,1.4522631363811698,676,Stanley Umude,DET,307.12166666666667,-75
310,1629002,-0.9036770375222838,-3.2598386633819314,1.4861791401746798,1854,Chimezie Metu,DET,858.9066666666666,-109
311,1630526,-0.919030814368772,-3.1598308992846977,1.410547290441666,726,Jeremiah Robinson-Earl,NOP,334.31333333333333,-22
312,1629650,-0.93089586624396925,-2.4927013788112315,0.6277582394679342,429,Moses Brown,POR,199.97833333333332,-59
313,1628964,-0.9370166306467338,-3.234700838467192,1.366215628168618,1549,Mo Bamba,PHI,740.3516666666667,-47
314,1641710,-0.9546307676834508,-4.183061454853886,1.8711279782621908,2485,Anthony Black,ORL,1164.21,-33
315,1630556,-0.956277524233667,-3.357582562260825,1.5214699477927982,599,Kessler Edwards,SAC,274.7416666666667,-45
316,1630577,-0.9678560351662678,-4.053251088322925,1.859729946416863,3227,Julian Champagnie,SAS,1467.875,-141
317,1630170,-0.9736616777532008,-4.017819177309911,1.5151591167151857,4971,Devin Vassell,SAS,2247.7433333333333,-291
318,1628370,-0.9766029244176205,-3.4764624566445352,1.405725177805461,4132,Malik Monk,SAC,1872.3066666666666,10
319,1630163,-0.9851887964796494,-3.3591122224136694,1.6541178190548418,1548,LaMelo Ball,CHA,711.35,-139
320,1641713,-0.990605904320644,-3.961975560704371,1.6455216947869569,2618,GG Jackson,MEM,1233.165,-194
321,1630171,-1.0177289055237806,-3.8233499360785244,1.849285600115011,3984,Isaac Okoro,CLE,1887.0566666666666,40
322,1631117,-1.0239411047132776,-3.6234229529039585,1.935638349414825,3207,Walker Kessler,UTA,1493.1066666666666,-149
323,1630217,-1.0304071050076733,-3.265522295635102,1.25187392137848,3123,Desmond Bane,MEM,1442.8483333333334,-201
324,1628415,-1.040433482781242,-3.372087865898424,1.2315278969435732,4744,Dillon Brooks,HOU,2226.7383333333332,-21
325,1629726,-1.04340971010765,-3.5082842818093676,1.386610982450752,2152,Garrison Mathews,ATL,992.1216666666667,-97
326,1630322,-1.048106416239432,-2.9918810215556455,0.7359719539322904,612,Lindy Waters III,OKC,280.2083333333333,-35
327,1630551,-1.0701454904201493,-3.0764683212515957,0.7952534410722083,523,Justin Champagnie,WAS,234.83833333333334,-59
328,1641717,-1.071308420110808,-3.5220020788180104,1.3312235400278145,3670,Cason Wallace,OKC,1691.9216666666666,127
329,202330,-1.090761069437686,-4.023291750029255,1.468274749261524,2697,Gordon Hayward,OKC,1245.25,-134
330,1641707,-1.1520736198226196,-3.4049045376795872,1.3980455630140969,1844,Taylor Hendricks,UTA,856.4316666666666,-150
331,1630177,-1.1525082088068856,-2.980942970058673,0.67802245450134,470,Theo Maledon,PHX,213.19666666666666,-65
332,1630567,-1.1543018953956499,-3.85768158329239,1.4883925832357976,4502,Scottie Barnes,TOR,2094.2483333333334,-144
333,203967,-1.1587773644704558,-3.6227118069806403,1.8137659516958085,2356,Dario Saric,GSW,1097.7516666666668,-21
334,1629640,-1.1631109295224065,-3.7058716834001597,1.482824760255713,4554,Keldon Johnson,SAS,2038.3616666666667,-347
335,1631100,-1.1739328028603238,-2.5598386781005633,0.2006479627970584,386,AJ Griffin,ATL,170.73,-51
336,1630596,-1.1843477486866913,-3.7357503770344334,1.6425791347500185,3291,Evan Mobley,CLE,1532.35,33
337,200782,-1.1843500687804036,-3.530286920795108,1.1359046954259449,1012,P.J. Tucker,LAC,486.31333333333333,-24
338,1629139,-1.1872520068779953,-3.3797609720408057,1.073613874348559,997,Yuta Watanabe,MEM,464.37333333333333,-66
339,1629027,-1.2004489172842385,-4.029264374912637,1.6473221739394917,4302,Trae Young,ATL,1941.7133333333334,-116
340,1631204,-1.2147923513300014,-4.0844562489671885,1.4338540814718925,2968,Marcus Sasser,DET,1351.11,-250
341,1629028,-1.2209522597739644,-3.3159863767730995,1.0744496064924993,3714,Deandre Ayton,POR,1783.4983333333332,-318
342,203897,-1.2364840567610678,-3.891977943855097,1.8367833361396373,1846,Zach LaVine,CHI,871.8616666666667,-92
343,1626192,-1.2522863553735974,-3.9134317296499264,1.8626512523834502,3674,Pat Connaughton,MIL,1676.28,-14
344,1629643,-1.2527581706778075,-2.8633485328545834,0.49210569832883444,892,Chuma Okeke,ORL,431.73,-70
345,1630173,-1.2673188807977123,-3.9795331069044195,1.8164942215138913,3369,Precious Achiuwa,NYK,1623.7533333333333,-47
346,1628981,-1.2729985796641687,-3.518942904841601,0.9049671080466779,1449,Bruno Fernando,ATL,682.3033333333333,-96
347,1630531,-1.291298087076197,-3.979413915373862,1.7622131228753972,1067,Jaden Springer,BOS,506.995,-28
348,203493,-1.3228348998062596,-3.1439434957738177,0.6242611986560157,912,Reggie Bullock Jr.,HOU,417.47333333333336,-53
349,202691,-1.3290708957889825,-4.462729833000919,1.4424437707908742,4992,Klay Thompson,GSW,2284.1683333333335,7
350,202693,-1.3339418200190785,-3.1221111954501772,0.6535398530293288,488,Markieff Morris,DAL,216.38833333333332,-57
351,1641998,-1.3459707085867363,-3.343669912528359,0.86276535940076,1186,Trey Jemison III,MEM,573.985,-110
352,1629629,-1.3466889243922606,-3.6143766801644936,1.0157590733426798,2177,Cam Reddish,LAL,984.0616666666666,-50
353,203501,-1.3583250229937542,-3.940856647956594,1.545773892082732,4687,Tim Hardaway Jr.,DAL,2120.3283333333334,13
354,1630219,-1.3774322168434538,-3.90511544062662,0.8650684444283363,909,Skylar Mays,LAL,433.27166666666665,-103
355,1631094,-1.3791932270874994,-3.630845359902054,1.0224039833189846,5927,Paolo Banchero,ORL,2798.701666666667,1
356,203095,-1.3917132653248159,-3.5313502851668104,0.6977724281900982,1272,Evan Fournier,DET,579.6733333333333,-140
357,1630184,-1.4121172042526717,-3.3458101071641586,0.5440392489130594,588,Kira Lewis Jr.,UTA,264.2366666666667,-67
358,1629003,-1.4260020354447303,-3.949796771911771,1.490075349561116,1292,Shake Milton,NYK,581.16,-46
359,1628966,-1.4570544756180124,-3.67131624983037,0.7643599609770946,1407,Keita Bates-Diop,BKN,664.59,-55
360,202083,-1.4618283080510663,-3.32309273294421,0.4415071286447275,884,Wesley Matthews,ATL,412.87,-69
361,1630538,-1.5017135250774478,-3.9873630948422107,0.7953921335155092,1151,Bones Hyland,LAC,540.21,-65
362,1631105,-1.5349235115668183,-3.7947296909344983,0.9936972243176005,3844,Jalen Duren,DET,1777.4816666666666,-311
363,1630245,-1.5350292281216695,-4.016788798101171,1.3596332145649812,4689,Ayo Dosunmu,CHI,2212.4683333333332,-158
364,203926,-1.5392466244373966,-4.243921514158222,1.5032712703942503,2043,Doug McDermott,IND,904.4783333333334,-143
365,1630595,-1.584360949265917,-3.9842708279202093,1.087038872546172,4490,Cade Cunningham,DET,2074.225,-350
366,1631121,-1.592167530101421,-4.548690054629269,1.0791747080131453,1862,Bryce McGowens,CHA,881.595,-229
367,1641738,-1.620985191081407,-4.291483425335203,1.2216410937977364,831,Kobe Brown,LAC,393.99833333333333,-92
368,1628379,-1.6362762051960231,-4.600769066135631,0.9238883319808844,2118,Luke Kennard,MEM,999.0466666666666,-187
369,202696,-1.6366749986109543,-4.077779358155702,0.6481191318954553,5459,Nikola Vučević,CHI,2609.5016666666666,-180
370,1630560,-1.661904332703831,-4.353591622621827,1.5016068004659568,4454,Cam Thomas,BKN,2074.85,-201
371,202694,-1.6817932298444578,-4.787910712798077,1.2695053761020947,1729,Marcus Morris Sr.,CLE,816.9766666666667,-60
372,1630537,-1.6863872756955327,-3.638438026971846,0.5024837085187319,1533,Chris Duarte,SAC,719.5183333333333,-67
373,1631124,-1.6888583653361755,-3.8261442134516725,0.3716080912409937,1207,Julian Strawther,DEN,545.415,-103
374,1630641,-1.6919263790617758,-3.4472663207607397,-0.05634349754978937,480,Ibou Badji,POR,225.81833333333333,-90
375,1630183,-1.7117982752138845,-4.363517881862566,1.2336842193440014,4416,Jaden McDaniels,MIN,2105.4533333333334,156
376,1631212,-1.771622149671104,-3.907797788269432,1.1099434989615808,3142,Peyton Watson,DEN,1487.8366666666666,-69
377,1641765,-1.777098665076959,-3.8882630752343195,0.23893699628744092,748,Olivier-Maxence Prosper,DAL,336.21166666666664,-86
378,1628978,-1.8005690144047597,-4.6238227990749925,1.1883837564963415,4888,Donte DiVincenzo,NYK,2360.3933333333334,162
379,201599,-1.8051845629516245,-3.7785174340306718,0.4449290779192582,828,DeAndre Jordan,DEN,395.71666666666664,-88
380,1631223,-1.8099426866346677,-4.721844958904384,0.6461319489470676,2539,David Roddy,PHX,1176.9816666666666,-225
381,1628972,-1.8391329136737349,-4.6525263367662335,1.056841393093633,1775,Troy Brown Jr.,DET,826.5116666666667,-127
382,1629628,-1.8486260431716532,-4.3802212850748194,0.588447659796205,3968,RJ Barrett,TOR,1838.1333333333334,-153
383,1630583,-1.8552805410261979,-4.611704009661553,0.6051117019281904,3406,Santi Aldama,MEM,1618.0566666666666,-275
384,1631133,-1.8891774342698189,-4.635413807406806,0.8351294176423232,3566,Jabari Walker,POR,1700.5733333333333,-338
385,1626162,-1.896815331796699,-4.648075483436257,1.523800086819807,4353,Kelly Oubre Jr.,PHI,2055.32,-25
386,1627749,-1.9039530085323575,-4.0618006439558405,0.5139666822683991,6073,Dejounte Murray,ATL,2783.3433333333332,-154
387,1641787,-1.9402634534550256,-4.348162959563645,0.5256014972728331,774,Tosan Evbuomwan,DET,366.5783333333333,-128
388,1631098,-1.952248441328732,-4.621023079701622,0.9926783167868918,1376,Johnny Davis,WAS,613.48,-150
389,201976,-1.9654564930236471,-4.6073361830901085,1.1705214982988745,3084,Patrick Beverley,MIL,1462.5116666666668,-61
390,201145,-1.9698469305972948,-4.572735603048802,0.5346284260263989,2834,Jeff Green,HOU,1307.3383333333334,-77
391,1641733,-1.9856267148702471,-5.275561104822685,1.0132346753274393,1512,Nick Smith Jr.,CHA,728.71,-194
392,1631095,-2.034931415429047,-3.985429357068088,0.4831111319692779,5154,Jabari Smith Jr.,HOU,2423.845,-84
393,1629637,-2.0542094558623347,-4.619812098736705,0.5204620745677124,1914,Jaxson Hayes,LAL,877.1333333333333,-107
394,203924,-2.0561990257176177,-4.682164531069431,0.6250041043607953,3836,Jerami Grant,POR,1830.1866666666667,-351
395,1630235,-2.0574976719265266,-4.115805612413399,0.10920667359019436,858,Trent Forrest,ATL,413.76166666666666,-94
396,1641706,-2.0615246814738817,-4.259434339866011,0.228280051635953,5008,Brandon Miller,CHA,2382.963333333333,-510
397,1630527,-2.070136617491549,-4.381381359544001,0.6726435049624704,734,Brandon Boston Jr.,LAC,345.1716666666667,-111
398,1630209,-2.0705250270831783,-4.440581494289716,0.2854527270862188,1163,Omer Yurtseven,UTA,545.1016666666667,-133
399,1628991,-2.0917720444331196,-4.939360061452385,0.4744380121973235,4540,Jaren Jackson Jr.,MEM,2124.18,-340
400,1631367,-2.1016298626678425,-4.992440602732156,0.6943348607844386,1453,Jacob Gilyard,BKN,698.405,-172
401,1629670,-2.1250600861666595,-4.802126664325886,0.8577755236422606,1602,Jordan Nwora,TOR,711.3933333333333,-199
402,1629656,-2.1346488767824354,-4.775769881258919,0.3859762370292521,2142,Quentin Grimes,DET,1024.9433333333334,-39
403,1629611,-2.1673332206255425,-5.44500605094435,0.9937553252819569,3871,Terance Mann,LAC,1872.8916666666667,52
404,1631110,-2.1713152057141767,-4.820557648923673,0.2783267359549847,4803,Jeremy Sochan,SAS,2193.095,-344
405,1629234,-2.171489401188274,-4.568826349146766,0.5226491708266963,2492,Drew Eubanks,PHX,1168.705,-106
406,1630201,-2.1912963382826733,-4.538171557283342,0.136568051237675,1880,Malachi Flynn,DET,876.9216666666666,-179
407,1630702,-2.1943557312831077,-4.992165837307594,0.5858040550758479,2198,Jaden Hardy,DAL,989.2133333333334,-126
408,1641877,-2.19699763849457,-4.953069683940452,0.23199641365427776,642,Nate Mensah,CHA,306.64166666666665,-133
409,202692,-2.2044982443562966,-5.187292475549922,0.5724010759259783,2635,Alec Burks,NYK,1211.545,-256
410,1629642,-2.2147171038992752,-4.836361148150418,0.1986325838625878,997,Nassir Little,PHX,458.28333333333336,-88
411,1630165,-2.2186336572085934,-4.5566817670384285,0.2861137746293809,2202,Killian Hayes,DET,1007.6583333333333,-244
412,1631241,-2.2213362024299084,-4.119869821236914,-0.1827186821329827,884,Javon Freeman-Liberty,TOR,403.03833333333336,-159
413,1627745,-2.2288294829770843,-4.232682378509327,-0.24748627935783213,562,Damian Jones,CLE,269.7316666666667,-91
414,1630647,-2.2442262695553827,-4.958083644684894,0.594631231651207,904,Eugene Omoruyi,WAS,393.3066666666667,-138
415,1629667,-2.260025498844133,-4.5785464317837885,0.2475524446899175,1167,Jalen McDaniels,TOR,538.0066666666667,-162
416,1630559,-2.360311066783457,-4.857326864187149,0.3033977989205779,5775,Austin Reaves,LAL,2628.95,-41
417,203952,-2.4058523057067713,-5.402299251763472,0.6230510103585942,4164,Andrew Wiggins,GSW,1920.4483333333333,-58
418,1641748,-2.4131950038874024,-4.661042924955552,0.21892067926947864,1245,Andre Jackson Jr.,MIL,572.3283333333334,-89
419,1641731,-2.430999836591993,-4.980124280827657,0.39339652987167534,3816,Bilal Coulibaly,WAS,1715.25,-419
420,1630208,-2.4466627928181683,-4.755964300586921,0.03942141572146751,3665,Nick Richards,CHA,1758.7366666666667,-429
421,1628971,-2.454919780151244,-5.008170850750208,-0.0018996785001063018,4111,Bruce Brown,TOR,1865.3666666666666,-231
422,1629014,-2.472666853722842,-4.829528780579553,-0.305570528032052,3300,Anfernee Simons,POR,1581.7433333333333,-330
423,1626179,-2.484685012928296,-4.752326823816996,0.18306914354387,4284,Terry Rozier,MIA,2040.3816666666667,-292
424,1631101,-2.4936655066197666,-4.743854503198719,0.0017310391385736879,2244,Shaedon Sharpe,POR,1059.0183333333334,-246
425,1641729,-2.5849715906370188,-4.831533250179435,-0.2616434836266017,1260,Brice Sensabaugh,UTA,584.3633333333333,-173
426,1629599,-2.612014405268948,-4.928459584220984,0.3788126826822057,3140,Amir Coffey,LAC,1460.5966666666666,-92
427,1630557,-2.6269108817222198,-5.07066771780949,-0.11068395417981669,4627,Corey Kispert,WAS,2067.435,-445
428,1631097,-2.6857570734367964,-5.340408012393892,-0.05119202827137939,3433,Bennedict Mathurin,IND,1538.39,-92
429,1626196,-2.6897364726459214,-5.459102346490613,-0.021837886316248514,2325,Josh Richardson,MIA,1102.83,-107
430,1628470,-2.7499696938238425,-5.842984045621428,0.4939681899264775,2213,Torrey Craig,CHI,1048.6016666666667,-181
431,1630533,-2.752958178448227,-5.3647749550258705,-0.10355894346474857,2219,Ziaire Williams,MEM,1037.6816666666666,-247
432,1630625,-2.776742401722222,-5.692396874858888,-0.02671664025552268,2202,Dalano Banton,POR,1046.8466666666666,-222
433,1629684,-2.8242097879075687,-5.335376416886228,-0.26816295961295716,4555,Grant Williams,CHA,2129.56,-244
434,1629651,-2.8295176511720963,-5.485605653879646,-0.2005489052047837,4440,Nic Claxton,BKN,2115.6633333333334,-278
435,1628398,-2.8512425419783316,-5.348088510426463,-0.4749803052649338,5064,Kyle Kuzma,WAS,2281.141666666667,-562
436,1630182,-2.8520175239296313,-5.775154587510045,0.043636749000884975,3280,Josh Green,DAL,1504.72,-100
437,1627752,-2.913991404081831,-5.540622672293928,-0.4995187722996632,4633,Taurean Prince,LAL,2107.6216666666664,-118
438,203109,-2.915881581845771,-5.74150546504854,0.30301755784142015,2502,Jae Crowder,MIL,1155.6983333333333,-69
439,203084,-2.936015172274436,-5.335035210026708,-0.4374293039177489,5117,Harrison Barnes,SAC,2380.87,-80
440,1630587,-2.9459513314485024,-4.642864848728918,-1.1215831649711023,1043,Isaiah Livers,DET,469.39666666666665,-199
441,1626145,-2.9837950225400944,-5.572731764765204,-0.7124186030567008,4313,Tyus Jones,WAS,1932.6666666666667,-497
442,1629673,-3.05181208016884,-5.547093855649283,-0.5451890577547558,5249,Jordan Poole,WAS,2345.555,-552
443,1630192,-3.0813640317815283,-4.946008420461155,-1.0671176149805381,1202,Zeke Nnaji,DEN,576.12,-168
444,1641718,-3.1288906885893693,-5.53620456774175,-0.4900222269133535,4362,Keyonte George,UTA,2022.5766666666666,-374
445,1630164,-3.1425376074380567,-5.407825856018563,-0.7016625356545712,2393,James Wiseman,DET,1091.0433333333333,-325
446,1631103,-3.2529595604290873,-5.834682094677113,-0.4552076331421058,3552,Malaki Branham,SAS,1594.3266666666666,-373
447,1628381,-3.3542473763127045,-5.903002876031479,-1.075605378202642,4096,John Collins,UTA,1901.06,-307
448,202397,-3.4678959620676224,-5.993042132120977,-0.8037937754094999,1596,Ish Smith,CHA,740.8466666666667,-280
449,1628970,-3.4907584199686266,-5.931679698024452,-1.092375598981291,5449,Miles Bridges,CHA,2581.116666666667,-633
450,1628380,-3.6051891160814646,-6.083527667656787,-0.8903336753197484,3365,Zach Collins,SAS,1525.7283333333332,-393
451,202711,-3.8318258345560556,-6.57567253174574,-0.8545450994183657,3170,Bojan Bogdanovic,NYK,1478.0033333333333,-346
452,1626224,-4.004825763760324,-6.557992004968367,-1.5079195382754804,2850,Cedi Osman,SAS,1268.7516666666668,-353
453,1641711,-4.186419681413552,-6.68084244917813,-1.2196906283528648,2773,Gradey Dick,TOR,1267.6683333333333,-378
454,1630703,-4.56463899353865,-7.19976737532275,-1.7410906530211654,3737,Scoot Henderson,POR,1765.3933333333334,-495
