rank,player_id,stint_rapm_100,ci_lo,ci_hi,poss,player,team,official_min
1,1628983,5.577121118768645,3.1340950598997925,8.075005585825489,5118.479999999972,Shai Gilgeous-Alexander,OKC,2552.6866666666665
2,203999,5.366275250160763,3.0988968132870847,7.712618910980868,5236.179999999976,Nikola Jokić,DEN,2736.5333333333333
3,1628384,5.092333295000136,1.932405470345485,7.511103157364125,3293.2400000000002,OG Anunoby,NYK,1702.035
4,1628973,4.9168461904479805,2.6782080835695647,7.390826136190053,5265.139999999978,Jalen Brunson,NYK,2726.3033333333333
5,203994,4.678793342295987,2.072690902249192,7.387930107730434,3893.0199999999877,Jusuf Nurkić,PHX,2078.035
6,202331,4.529961362325492,2.5830970209936237,7.17656216148367,4720.439999999982,Paul George,LAC,2501.766666666667
7,1628401,4.280529847601341,1.5514557827355044,6.895311443853579,4581.159999999986,Derrick White,BOS,2380.985
8,203081,4.239494544691217,1.526771584350879,7.361221276333372,5025.379999999983,Damian Lillard,MIL,2578.4283333333333
9,203484,4.239215804751682,1.6290843577310277,6.300724377571349,4579.899999999981,Kentavious Caldwell-Pope,DEN,2401.7566666666667
10,1628371,4.026265439112813,1.0426114586776374,6.736745871632623,1742.60000000001,Jonathan Isaac,ORL,914.61
11,203992,3.790671321497808,1.0378908596315026,6.575513538063692,4563.659999999979,Bogdan Bogdanović,ATL,2401.4083333333333
12,1629029,3.7772554850944045,1.1514635242064175,6.233005754179837,5229.35999999998,Luka Dončić,DAL,2624.04
13,203957,3.7637200878587715,1.374345824591736,6.689669702588758,2140.1200000000113,Dante Exum,DAL,1087.6216666666667
14,1628392,3.753317507863103,1.4068417689314328,6.706127647162037,3698.1199999999953,Isaiah Hartenstein,NYK,1896.3483333333334
15,1630573,3.6371630972881297,0.7953803813963455,6.584399817527716,3319.179999999993,Sam Hauser,BOS,1740.585
16,1627832,3.622490491839475,0.9914100105018574,6.065022998731214,5129.639999999979,Fred VanVleet,HOU,2684.4266666666667
17,1629731,3.6117496640799343,0.8113957430561655,6.548182118571092,2118.8000000000093,Dean Wade,CLE,1108.08
18,202695,3.6109612897234413,0.6878092620447038,6.118060187039689,4336.9399999999805,Kawhi Leonard,LAC,2330.04
19,202681,3.5772436120442284,0.7889243350363438,6.49121284736634,4000.1399999999812,Kyrie Irving,DAL,2029.6083333333333
20,1630200,3.5478198875044913,0.9042127122159059,6.375503342536878,4261.239999999985,Tre Jones,SAS,2138.18
21,1628368,3.5363950237156265,0.6708145629034902,5.9957358619175,5123.639999999984,De'Aaron Fox,SAC,2658.7633333333333
22,1628369,3.5274720673202977,0.8720324454521655,5.735384841346973,5034.079999999986,Jayson Tatum,BOS,2645.213333333333
23,1628378,3.5199331560310823,0.8923694876463215,6.33157105012964,3725.4199999999855,Donovan Mitchell,CLE,1942.65
24,2544,3.4723601216324114,0.9156474647693188,6.096526240473534,4941.899999999986,LeBron James,LAL,2503.6833333333334
25,1630162,3.4073406665948593,0.6762858919496896,5.890865672607045,5325.139999999979,Anthony Edwards,MIN,2770.383333333333
26,203507,3.3887977868979027,0.24097826131596944,6.139316009680051,4983.039999999983,Giannis Antetokounmpo,MIL,2567.2433333333333
27,1631107,3.366055729490492,0.820264261584016,5.517885102548563,1615.6000000000058,Nikola Jović,MIA,896.2366666666667
28,202710,3.2784704492246823,0.3675510837084831,6.44148697140521,3817.3199999999915,Jimmy Butler III,MIA,2042.0583333333334
29,203497,3.1748769237049324,0.30193104458453773,5.7853101791140595,4987.079999999979,Rudy Gobert,MIN,2593.1133333333332
30,1630169,3.0350646129202326,0.47261402150155585,5.545265290921608,4600.599999999979,Tyrese Haliburton,IND,2223.5383333333334
31,1628374,3.0324947603116295,0.49515951585651585,5.795555186448041,3606.539999999992,Lauri Markkanen,UTA,1819.7466666666667
32,1628404,3.000300196058794,-0.03505157668670547,5.765457876924738,5147.99999999998,Josh Hart,NYK,2706.7716666666665
33,1641764,2.9996563116719006,0.1901696667082213,6.039478531917149,3893.4999999999854,Brandin Podziemski,GSW,1968.2533333333333
34,1630202,2.9627374019011716,0.6126159529281687,5.533425478844702,3424.7399999999934,Payton Pritchard,BOS,1825.7333333333333
35,1626164,2.919704582512522,-0.04519564852751547,5.55692498370188,4715.539999999988,Devin Booker,PHX,2446.6566666666668
36,203110,2.878537049754549,0.33104216851811313,5.573541234445683,3055.059999999997,Draymond Green,GSW,1490.1833333333334
37,1630631,2.799097590540295,0.18653454429080293,5.467569702685806,1977.7800000000123,Jose Alvarado,NOP,1028.37
38,1630529,2.7877636200762788,0.1659587064713279,5.3883237121580265,4495.959999999983,Herbert Jones,NOP,2321.4283333333333
39,204001,2.7158644527161124,0.4139400927746401,5.601679470571587,3332.6599999999944,Kristaps Porziņģis,BOS,1689.9483333333333
40,1630178,2.706798481262021,0.060495466964515465,5.2300804635369245,4876.059999999979,Tyrese Maxey,PHI,2625.806666666667
41,203915,2.6751015658735584,-0.3978245532277914,5.308882516875056,4237.379999999978,Spencer Dinwiddie,LAL,2152.4083333333333
42,1629638,2.6381365063133027,-0.3636718613980632,5.517838210861914,3684.4799999999846,Nickeil Alexander-Walker,MIN,1920.9183333333333
43,1629162,2.6119901693573353,-0.13802282638231614,5.421392197655509,1189.160000000004,Jordan McLaughlin,MIN,626.12
44,1626167,2.6039724334133045,0.33676293875420465,4.861456031456376,4254.959999999986,Myles Turner,IND,2076.4366666666665
45,1626181,2.601943082614491,-0.1394144604281375,5.275772334501217,3797.899999999983,Norman Powell,LAC,1990.3783333333333
46,1630532,2.5983007016872866,-0.06313934616385145,5.261028013376015,4558.619999999979,Franz Wagner,ORL,2337.4166666666665
47,203458,2.5783227648147538,-0.03323084656740624,4.834706002283344,838.780000000002,Alex Len,SAC,444.245
48,1627739,2.5319921597980675,-0.5423142660956833,4.831409203083201,2435.7200000000053,Kris Dunn,UTA,1249.1766666666667
49,203954,2.5260077015068765,0.06894191656580359,5.352714351941164,2500.220000000005,Joel Embiid,PHI,1309.3716666666667
50,1630230,2.520362061431299,-0.2083543700881083,5.363680873852167,2446.760000000002,Naji Marshall,NOP,1257.1233333333332
51,1626168,2.5022813174559655,-0.2796226205615462,5.39166031424026,2216.4000000000106,Trey Lyles,SAC,1158.2183333333332
52,203076,2.4844238806972685,0.18803576839158437,4.725649732734927,5372.879999999984,Anthony Davis,LAL,2700.2433333333333
53,1627780,2.2866644408136567,-0.4680476821508885,4.772642093704171,1371.9000000000065,Gary Payton II,GSW,679.9
54,1631096,2.2094559855897034,-0.28626994159503716,4.713080300376701,4807.41999999998,Chet Holmgren,OKC,2412.7966666666666
55,203932,2.1952812418782996,-0.3062281440406003,4.54849706692031,4370.879999999982,Aaron Gordon,DEN,2296.81
56,1630530,2.195167661144058,-0.7194719585678269,4.970900135410692,3270.9599999999964,Trey Murphy III,NOP,1690.265
57,1629111,2.1912067177945556,-0.49064264365606286,4.541940969375283,1523.2800000000077,Jock Landale,HOU,763.46
58,1626157,2.1683774238717852,-0.8271387581104724,5.350455421105532,3864.3399999999856,Karl-Anthony Towns,MIN,2025.565
59,1630167,2.1049944736854176,-0.19150213812133143,4.738023029440734,3582.2199999999743,Obi Toppin,IND,1730.6016666666667
60,1630174,2.0985463362084427,-0.6471184161346922,4.76927494261903,4058.47999999998,Aaron Nesmith,IND,1994.655
61,1631106,2.012111231639016,0.1684358397023943,4.12440559561238,834.1600000000026,Tari Eason,HOU,480.105
62,1631246,1.980642535708276,-0.9135704661026268,4.758706077928457,2740.579999999999,Vince Williams Jr.,MEM,1436.53
63,1628467,1.9704894401019053,-0.7629332794816844,4.615844460736557,1706.7200000000107,Maxi Kleber,DAL,871.4116666666666
64,201935,1.9588005998243163,-0.48561816353502507,4.784120485440765,4584.239999999981,James Harden,LAC,2469.6683333333335
65,1629001,1.9469539290077411,-0.4627064749242488,4.451188837556275,1951.6800000000094,De'Anthony Melton,PHI,1023.3316666666667
66,201939,1.9456215920520896,-0.3865812198192704,4.461609991875711,4928.459999999986,Stephen Curry,GSW,2421.5383333333334
67,1629004,1.9108555344602163,-0.13915659314078277,3.936455551640163,801.4400000000014,Svi Mykhailiuk,BOS,413.16333333333336
68,1628449,1.8863980129004951,-0.7512373758527727,4.647192619406644,1360.1400000000058,Chris Boucher,TOR,704.8833333333333
69,201567,1.8446451530161363,-0.5045291984878437,4.457659434183895,1760.0000000000105,Kevin Love,MIA,924.2633333333333
70,201143,1.8395335144521787,-1.351926696041124,4.341451504023444,3331.1799999999876,Al Horford,BOS,1739.7966666666666
71,1626220,1.839034175536915,-1.2779825676441041,4.898997275068812,3804.059999999987,Royce O'Neale,PHX,1954.2416666666666
72,1626156,1.8020913717429998,-1.016031957564809,4.188290359985673,4953.779999999986,D'Angelo Russell,LAL,2484.1283333333336
73,1629622,1.776326996779038,-0.833189433329405,4.545532276916063,4325.459999999981,Max Strus,CLE,2239.175
74,1630549,1.7102793739360573,-1.0110437591278347,4.265676062581541,1793.2800000000123,Day'Ron Sharpe,BKN,920.575
75,1629674,1.7005302478609705,-0.14502971471102066,3.7493659222423648,646.4000000000015,Neemias Queta,BOS,333.21666666666664
76,204456,1.6699475107419501,-0.9119589768324846,4.652566854837968,2625.180000000001,T.J. McConnell,IND,1290.9766666666667
77,203496,1.638261975340476,-0.6653427004023671,4.378181996796144,916.6400000000027,Robert Covington,PHI,488.415
78,202699,1.618084923597066,-1.1167918595243442,4.124581276085925,4480.2399999999925,Tobias Harris,PHI,2367.78
79,1629632,1.6062248394985819,-0.8627349720238694,4.1728473137569475,5335.819999999981,Coby White,CHI,2881.3566666666666
80,1631114,1.6057127304513388,-1.0746357716088641,4.015828494535061,4526.479999999976,Jalen Williams,OKC,2223.5983333333334
81,1630256,1.6005294293072097,-0.7854412175226745,4.37058118601917,1980.400000000012,Jae'Sean Tate,HOU,1031.4566666666667
82,1641726,1.5932265137119586,-0.9560618657356089,4.765297132717719,2578.340000000001,Dereck Lively II,DAL,1294.2816666666668
83,1630572,1.5800724142382288,-0.46686589760294844,3.935958185701245,879.2000000000016,Sandro Mamukelashvili,SAS,450.9583333333333
84,1628386,1.5461769856778251,-0.771587411886786,4.3290922973800985,4669.779999999982,Jarrett Allen,CLE,2442.0616666666665
85,1630194,1.5262558661160686,-1.085407653600329,4.166043048925238,2942.3199999999933,Paul Reed,PHI,1589.5016666666668
86,203552,1.521126375591944,-1.376367854245858,4.131060959009842,1184.920000000004,Seth Curry,CHA,615.4133333333333
87,1630228,1.5036690888425959,-1.2951556688218546,4.510886256723337,3925.4199999999864,Jonathan Kuminga,GSW,1949.5133333333333
88,1627763,1.4959101546879792,-0.9919730924307769,3.9619046720276496,2045.5000000000095,Malcolm Brogdon,POR,1120.8166666666666
89,203935,1.4789434896392972,-0.8121503108840211,3.8942719956014415,1232.5200000000045,Marcus Smart,MEM,604.845
90,1631260,1.4285692599245112,-1.1384809427797533,4.254500173387014,1155.5400000000036,AJ Green,MIL,614.2816666666666
91,1629750,1.4108857834401551,-0.47446906361668006,3.2493533924513898,453.62000000000046,Javonte Green,CHI,230.4
92,1631165,1.4032918044478748,-1.7314852112331742,4.332462417468137,1843.0200000000088,Keon Ellis,SAC,978.485
93,1629020,1.400542020354615,-1.4417220270901625,4.0424448300997815,1166.080000000004,Jarred Vanderbilt,LAL,581.2366666666667
94,1630264,1.3962802105352934,-0.8888259702204923,3.538818470068862,947.8800000000024,Anthony Gill,WAS,466.49666666666667
95,1629060,1.3785152700503667,-1.331137743599331,4.233631436391547,3639.179999999987,Rui Hachimura,LAL,1825.4933333333333
96,1629026,1.374338900687485,-1.2990062309990915,4.397143323183432,1994.7600000000127,Kenrich Williams,OKC,1029.0066666666667
97,204060,1.3707208874074819,-1.0586698786828392,3.545316562259202,2277.040000000011,Joe Ingles,ORL,1169.0316666666668
98,1627734,1.3324643363967448,-0.9062542880265213,3.5853920245533164,5655.0599999999895,Domantas Sabonis,SAC,2928.0216666666665
99,1627750,1.3260842493607332,-1.2176691489728149,3.651179758796372,3463.5399999999945,Jamal Murray,DEN,1861.37
100,1629652,1.315048516141215,-1.2360522092598683,3.7504618609677847,4484.47999999998,Luguentz Dort,OKC,2245.971666666667
101,1627736,1.3040229577951536,-1.585216620004933,3.90989678942199,4583.299999999985,Malik Beasley,MIL,2337.3716666666664
102,1631109,1.3036160388024396,-0.8495413185944437,3.469145989934535,1022.5000000000028,Mark Williams,CHA,508.39166666666665
103,1628988,1.282332068293668,-1.4233897667233246,3.9866599735665265,2442.3800000000033,Aaron Holiday,HOU,1269.2966666666666
104,1628984,1.2619936349426497,-0.6429410242453234,3.4159503051450923,556.580000000001,Devonte' Graham,SAS,312.92333333333335
105,201142,1.2312550790279595,-1.3525206301095969,4.089168870337825,5335.69999999998,Kevin Durant,PHX,2790.6366666666668
106,1629048,1.210410563907188,-0.8542924675359664,3.452215304726595,1805.2000000000075,Goga Bitadze,ORL,957.0866666666667
107,1630180,1.2054278022433804,-1.5465763846619986,3.9859355433756996,4048.6999999999825,Saddiq Bey,ATL,2061.6583333333333
108,1629655,1.2012677256059012,-1.7336491009072716,3.6859521853499215,3692.7199999999852,Daniel Gafford,DAL,1814.355
109,1631099,1.1964705547996062,-1.106456780567328,3.976291161038189,5007.619999999988,Keegan Murray,SAC,2588.5666666666666
110,201587,1.185996231396384,-1.5778057323495402,4.2673225392504435,2862.239999999997,Nicolas Batum,PHI,1529.5866666666666
111,1630198,1.1825231577919117,-1.247394422570362,4.045873642985446,2930.3199999999933,Isaiah Joe,OKC,1444.8666666666666
112,1626172,1.1725994130889483,-1.494819809272161,3.5578199848650827,2345.4200000000064,Kevon Looney,GSW,1194.4283333333333
113,1631170,1.1626593893310135,-1.5585852801652742,4.030808810228543,3995.8999999999824,Jaime Jaquez Jr.,MIA,2113.195
114,1641705,1.1500719145293392,-1.7200131825784402,4.164525954688479,4216.47999999998,Victor Wembanyama,SAS,2106.235
115,1641774,1.1245772255970246,-0.6142313755717557,3.1613549498247533,316.06,Tristan Vukcevic,WAS,153.41166666666666
116,203939,1.088663183116148,-1.5978385078837118,3.656092999561323,1666.1600000000087,Dwight Powell,DAL,836.3033333333333
117,203995,1.087148616069915,-1.458524726823921,3.4854966978426636,2235.940000000008,Vasilije Micic,CHA,1175.73
118,1630578,1.0722049136321363,-1.1698389754927923,3.674364450888344,3900.2799999999834,Alperen Sengun,HOU,2045.635
119,1630166,1.054029138941173,-1.777166077352425,3.8501108364994288,4599.219999999987,Deni Avdija,WAS,2256.6433333333334
120,1629008,1.0539077138244615,-1.587416421823534,3.460858737085906,4877.859999999984,Michael Porter Jr.,DEN,2564.605
121,1627747,1.0461636493781048,-1.858072703637317,3.92263334300465,3726.3799999999815,Caris LeVert,CLE,1958.0833333333333
122,1628975,1.0455964448741315,-1.8100796993319765,3.459819137282332,1859.7200000000119,Jevon Carter,CHI,1003.6016666666667
123,1641739,1.0371104691998376,-1.4624066508812326,4.157281745359856,3170.1999999999944,Toumani Camara,POR,1739.32
124,1631119,1.0311222185412143,-1.89317806047645,3.3565167675915166,1764.0000000000114,Jaylin Williams,OKC,896.9466666666667
125,1626153,1.006686893153739,-1.4337452577494183,3.1910667962033448,1434.140000000007,Delon Wright,MIA,741.5666666666667
126,1630550,0.9863263199179846,-1.6946401375388143,4.2748925603830585,1533.9200000000067,JT Thor,CHA,780.6266666666667
127,1630193,0.9769556696901328,-1.7393347387518907,3.957836662527745,3869.4399999999923,Immanuel Quickley,TOR,1985.3366666666666
128,1629630,0.9748721604775977,-1.0084777534540583,2.9825438990880846,631.9600000000014,Ja Morant,MEM,317.925
129,1631262,0.967275854792388,-0.9104171350994409,2.569578804649537,300.98,Jules Bernard,WAS,149.275
130,1628372,0.9644987625035091,-1.536213900229747,3.7359479803401245,2039.800000000014,Dennis Smith Jr.,BKN,1058.6583333333333
131,1628420,0.9575856300050545,-1.387700976116095,3.665845916155234,926.3400000000023,Monte Morris,MIN,476.04333333333335
132,203200,0.9360104983167676,-1.3609770609295566,3.679558416914217,1678.1800000000085,Justin Holiday,DEN,862.0133333333333
133,203468,0.9314700887839711,-1.7743618033188928,3.803287517623894,4220.139999999981,CJ McCollum,NOP,2158.536666666667
134,1627751,0.9258586998273883,-1.4956290729426305,3.626508589103566,2521.860000000006,Jakob Poeltl,TOR,1319.1083333333333
135,1631323,0.905032678773235,-1.7303345766484466,3.5499962916972194,3141.9999999999927,Simone Fontecchio,DET,1643.8933333333334
136,1630548,0.8741433223372305,-1.3104385076036171,3.292727800107356,678.4000000000009,Johnny Juzang,UTA,371.80333333333334
137,201950,0.8660257376750872,-1.7259069236761575,3.3154751930904816,4307.539999999985,Jrue Holiday,BOS,2263.278333333333
138,101108,0.8642720656025983,-2.2318292599213434,3.5998138508673048,3004.5999999999963,Chris Paul,GSW,1530.89
139,203991,0.8392511526927757,-1.7280261514409414,3.1836554264598553,3564.11999999999,Clint Capela,ATL,1883.0866666666666
140,1628960,0.8390158251800113,-2.3714631903932273,3.806067639917821,4711.819999999982,Grayson Allen,PHX,2513.3
141,203944,0.8329577850771593,-1.592981483678755,3.8446950688485093,3206.2599999999948,Julius Randle,NYK,1630.095
142,1631207,0.8251179514133187,-2.2124550598902197,3.4680633298079044,1293.4200000000064,Dalen Terry,CHI,680.71
143,1627936,0.8219064875836908,-1.9071075876122812,3.738607388395915,3849.459999999988,Alex Caruso,CHI,2040.3433333333332
144,1628989,0.7997742469389297,-1.8958012896190444,3.5186925473054145,3047.219999999997,Kevin Huerter,SAC,1562.2266666666667
145,201572,0.7991219512334454,-1.6875897373044229,3.431353539402969,4723.1799999999885,Brook Lopez,MIL,2411.1516666666666
146,1627742,0.7750218746523845,-2.257333457700275,3.736954207038304,4141.89999999998,Brandon Ingram,NOP,2102.68
147,1629052,0.7502272799492783,-2.232399874810968,3.05656586552944,1231.7000000000053,Oshae Brissett,BOS,630.165
148,203914,0.7315811965678145,-1.9037720343820983,3.3920040701427263,2521.7800000000057,Gary Harris,ORL,1297.3466666666666
149,1630700,0.7258384886139789,-2.4916264931854677,3.3717062814776195,2664.4400000000023,Dyson Daniels,NOP,1358.525
150,1641716,0.7084617341550277,-1.395027867990578,2.8575342467239064,694.6600000000014,Jarace Walker,IND,340.42333333333335
151,1641767,0.68454148761825,-1.7669920933810592,3.18444105813436,1660.420000000009,Ben Sheppard,IND,814.26
152,1630639,0.6814960181199939,-1.6560228039967504,2.6954863867859626,639.0400000000009,A.J. Lawson,DAL,310.9
153,1626204,0.6710130332253966,-1.936165355256082,3.3135644987795594,2353.920000000007,Larry Nance Jr.,NOP,1216.1383333333333
154,1628436,0.6522721065314274,-1.8054951300489475,3.226596588871256,1832.2600000000075,Luke Kornet,BOS,983.31
155,202685,0.6382334243314044,-1.9633363428910107,3.378346536958364,3735.6599999999894,Jonas Valanciunas,NOP,1924.8316666666667
156,203490,0.6367714908795971,-1.1387479915539738,2.6127945094398197,352.2600000000002,Otto Porter Jr.,TOR,174.07333333333332
157,1641708,0.6367537137742837,-2.330264500691795,3.3123524808095905,2791.3800000000015,Amen Thompson,HOU,1388.5316666666668
158,1629216,0.6327881575095318,-1.1869998903663321,2.7988902274064413,443.52000000000044,Gabe Vincent,LAL,217.635
159,1627783,0.5942131148204439,-2.030648947596965,3.167003937049708,5301.479999999978,Pascal Siakam,IND,2657.8883333333333
160,1641709,0.5864289405031587,-2.5176530571838778,3.0879669335888,3068.0000000000005,Ausar Thompson,DET,1582.805
161,1630591,0.5849611525888014,-2.1021619815918173,2.941808929823337,3959.319999999984,Jalen Suggs,ORL,2024.59
162,1630240,0.5752727024899855,-1.2463044555320817,2.5165265709524633,328.88,Saben Lee,PHX,184.97166666666666
163,1631116,0.5419163006036545,-1.4466338792445548,3.173921785229421,1019.2200000000032,Patrick Baldwin Jr.,WAS,493.5083333333333
164,1630231,0.5357907404932207,-2.223350414879333,3.435105186315714,1392.560000000006,KJ Martin,PHI,746.495
165,1628415,0.5178315083872428,-2.387400660810053,3.426280355399282,4288.879999999981,Dillon Brooks,HOU,2226.7383333333332
166,1628389,0.5101714220894746,-2.1323994391084864,2.964177332854488,4518.739999999979,Bam Adebayo,MIA,2416.4733333333334
167,1630581,0.4997964553548044,-2.0573342236293732,3.086107075076399,4007.4399999999855,Josh Giddey,OKC,2011.5583333333334
168,1630205,0.4917858781016056,-1.7679399511342113,3.094746908804349,973.440000000003,Lamar Stevens,MEM,559.0133333333333
169,1630544,0.48802009801543583,-2.0439797584969113,3.1809055003735667,1853.5000000000084,Tre Mann,CHA,987.0983333333334
170,1629636,0.4759907034153922,-2.2379256125881857,3.264934749841117,3616.779999999986,Darius Garland,CLE,1900.4383333333333
171,1627788,0.4715695483062749,-1.6254239372681978,2.5769248580278066,554.5600000000012,Furkan Korkmaz,PHI,299.9266666666667
172,1629639,0.4513373312501007,-2.6120831342552484,3.069912744034604,2623.2600000000048,Tyler Herro,MIA,1407.105
173,1630611,0.4507410101618407,-1.379529750437078,2.093541236000478,387.42000000000013,Gui Santos,GSW,192.09
174,1630598,0.4444800607509973,-2.2588754650088227,3.2692785283785555,2386.940000000007,Aaron Wiggins,OKC,1227.9383333333333
175,202687,0.44036060357740664,-2.1116234868808594,2.849104160803245,1563.2600000000073,Bismack Biyombo,OKC,791.4616666666667
176,1630204,0.4033759053594575,-1.3013723078121042,2.323955824459083,521.4200000000009,Ashton Hagans,POR,315.57166666666666
177,203114,0.400134700033547,-2.550463366302357,3.1497969158850876,2945.940000000002,Khris Middleton,MIL,1487.27
178,1629631,0.3975744584307491,-2.1960581921120323,2.925383842765152,3201.199999999995,De'Andre Hunter,ATL,1681.0933333333332
179,201569,0.3972316818563912,-2.3929945059684816,3.917687917218458,3527.2599999999884,Eric Gordon,PHX,1892.63
180,1627759,0.3840016441976521,-2.0980029774065,2.692956960537956,4528.139999999979,Jaylen Brown,BOS,2342.5216666666665
181,1630541,0.3263272943793711,-2.424567523239704,3.0023512164412196,2283.2600000000075,Moses Moody,GSW,1155.885
182,1629006,0.32571670757895,-2.6660341140940775,2.963050711930626,1815.5000000000114,Josh Okogie,PHX,959.715
183,1641732,0.3247095398291464,-1.462274528042236,2.424919811550485,358.56000000000034,Colby Jones,SAC,191.73666666666668
184,1641710,0.31034003558409734,-2.51158318355244,3.0496993143212703,2254.8000000000084,Anthony Black,ORL,1164.21
185,1630592,0.29156820780835657,-2.453129792127911,2.7660032148638476,1260.5600000000052,Jalen Wilson,BKN,664.5366666666666
186,1628997,0.2900396123099977,-2.7698884701324085,3.0266382861796033,3261.0399999999913,Caleb Martin,MIA,1756.5533333333333
187,1627827,0.28875737182767763,-2.66738313900356,3.2939485298230724,3751.259999999987,Dorian Finney-Smith,BKN,1934.5933333333332
188,1629023,0.28294853169827144,-2.3274036896022006,2.946633249365475,4381.539999999985,P.J. Washington,DAL,2220.6783333333333
189,203469,0.27202866302432005,-1.9860705385512274,2.2350208283012822,656.1200000000008,Cody Zeller,NOP,319.70666666666665
190,201942,0.27026517100706715,-2.1839406291807495,2.862556190259736,5540.739999999977,DeMar DeRozan,CHI,2988.568333333333
191,1641717,0.26088355405417774,-2.8628916043796435,3.0384306854258445,3357.979999999988,Cason Wallace,OKC,1691.9216666666666
192,203937,0.2487024192390383,-2.8254985043633827,2.740899632636561,3389.459999999992,Kyle Anderson,MIN,1781.8816666666667
193,1630172,0.24539925137062324,-2.739022985780087,3.2406585504928476,2144.3200000000097,Patrick Williams,CHI,1174.085
194,1626174,0.22833030803602983,-2.793814053272418,2.907531919776412,1715.7000000000094,Christian Wood,LAL,871.9433333333334
195,1630678,0.2172996071638666,-1.405622196341528,1.9842939086378908,359.9000000000002,Terry Taylor,CHI,187.63
196,1629022,0.21420529149341383,-2.0546565752013755,2.7671236127036445,1998.1800000000133,Lonnie Walker IV,BKN,1011.14
197,1628976,0.19350750620523177,-2.8463113671187634,2.7198600515916884,2735.320000000002,Wendell Carter Jr.,ORL,1406.3033333333333
198,1627863,0.19177426620283886,-2.22670705009586,2.5514161156521826,943.7600000000028,Danuel House Jr.,PHI,509.055
199,203083,0.18207877707173595,-2.445537502565284,2.633846781077526,2502.340000000002,Andre Drummond,CHI,1351.2516666666668
200,1627732,0.1809903589295461,-2.404819515452964,2.324459214846035,731.5400000000012,Ben Simmons,BKN,358.9166666666667
201,1628464,0.18000707072109076,-2.4312816218313738,2.779801079747571,1896.6200000000106,Daniel Theis,LAC,1014.84
202,1628418,0.1743713080975727,-2.479703797665525,2.409479511222466,867.4000000000024,Thomas Bryant,MIA,441.365
203,1630543,0.14209583474804385,-2.5728979186949994,2.4969871517037556,1573.3000000000093,Isaiah Jackson,IND,770.905
204,1630695,0.11412982175861788,-1.7444889572348619,1.73601151083004,361.5200000000001,Micah Potter,UTA,186.06
205,1641741,0.1092819730358097,-1.9643066040786055,2.2063634338892246,513.920000000001,Ricky Council IV,PHI,288.64
206,1631254,0.10557460721677968,-1.7841634758638445,2.1210098706095093,402.5000000000003,Kenneth Lofton Jr.,UTA,198.30166666666668
207,1629626,0.1049538104569532,-2.3653597176480887,2.3308419795730404,855.6400000000023,Bol Bol,PHX,469.0283333333333
208,1630171,0.09044421665320491,-2.7585788291060402,2.8626208105873454,3552.6199999999885,Isaac Okoro,CLE,1887.0566666666666
209,1630191,0.08904849906611033,-2.389710105578881,2.5633571349629465,2701.7200000000043,Isaiah Stewart,DET,1422.8166666666666
210,1629675,0.055466206151643105,-2.78975858418869,2.981049626039586,3771.1199999999913,Naz Reid,MIN,1963.8283333333334
211,1641871,0.035509744211071205,-2.165063754724575,2.9677416101655654,2210.080000000008,Duop Reath,POR,1214.115
212,1629130,0.03405478616886211,-2.623289769483651,2.7269890840073203,3614.019999999994,Duncan Robinson,MIA,1905.4483333333333
213,1631115,0.018402455272301103,-2.215717141671565,2.1486577733710823,574.5400000000008,Orlando Robinson,MIA,303.69
214,1631311,0.017769784324159266,-1.8492935412220173,2.396121295095329,782.5600000000013,Lester Quiñones,GSW,394.455
215,1641778,-0.009022613328327253,-2.0512367338023436,2.1146022326954195,553.3600000000004,Leaky Black,CHA,284.08166666666665
216,1629627,-0.009972336799309665,-2.9742490986110064,2.7714781148002827,4341.71999999999,Zion Williamson,NOP,2206.923333333333
217,1631230,-0.014879516502399234,-2.298621885830042,2.3280729122649144,839.8200000000026,Dominick Barlow,SAS,419.54
218,1628963,-0.027895478413658997,-2.5348308436584372,2.9549589088527526,2046.8200000000102,Marvin Bagley III,WAS,1053.3516666666667
219,202684,-0.04355132471852431,-2.832627558265185,2.478401903346349,1004.7000000000027,Tristan Thompson,CLE,548.9166666666666
220,1630249,-0.04865388881986426,-2.1229238684112044,2.2415862518278313,929.7400000000024,Vít Krejčí,ATL,541.32
221,1629614,-0.062409934757068665,-2.6192706455699644,2.4832719559434766,3434.019999999991,Andrew Nembhard,IND,1696.685
222,201144,-0.07383663366485804,-3.0258610872975926,2.742263098605588,4211.499999999984,Mike Conley,MIN,2193.4583333333335
223,1630699,-0.07725669226084857,-2.846781153746827,2.340794548392954,1144.1400000000049,MarJon Beauchamp,MIL,607.6883333333334
224,201565,-0.08314464805225294,-2.2056424572101396,2.1568303652536955,792.8600000000017,Derrick Rose,MEM,399.33666666666664
225,1630346,-0.09929438117497585,-2.3854053895499736,2.3816456225887745,795.140000000002,Matt Ryan,NOP,390.385
226,1631221,-0.09937545306655338,-2.210078463661582,1.662948947201108,441.8600000000005,Collin Gillespie,DEN,225.365
227,1628426,-0.13211870000178297,-2.904556255905149,2.2366788437629914,963.5200000000035,Sasha Vezenkov,SAC,511.0733333333333
228,1629021,-0.1791064428661098,-2.395489744108481,2.231580655019388,2676.1200000000026,Moritz Wagner,ORL,1414.7366666666667
229,1631200,-0.18773096905240144,-2.7727518872951373,2.4145285679648074,2471.0200000000036,Kris Murray,POR,1348.2716666666668
230,201566,-0.1935941582097947,-3.108635782513205,2.5862676541127767,2975.5799999999927,Russell Westbrook,LAC,1528.8166666666666
231,201988,-0.20127420602239376,-2.802071267874133,2.031870488176992,827.620000000002,Patty Mills,MIA,415.315
232,1630214,-0.21563859965950313,-3.0973737536858703,2.7550244832008044,1887.4800000000087,Xavier Tillman,BOS,974.555
233,1627741,-0.2215340765446489,-3.135381971376968,2.6543343827483645,4316.779999999975,Buddy Hield,PHI,2159.8883333333333
234,201152,-0.2270932308377297,-2.6680706000866055,2.13500517539908,814.0800000000016,Thaddeus Young,PHX,439.50166666666667
235,1641763,-0.23386286299844689,-2.201753681408179,1.5599951439923723,593.780000000001,Julian Phillips,CHI,322.55
236,1629012,-0.23788173191866913,-2.6111607070035596,2.5427093435257406,3960.8999999999874,Collin Sexton,UTA,2074.7633333333333
237,1630215,-0.24157769659698985,-2.473630237893154,1.888982305963342,1143.240000000004,Jared Butler,WAS,565.6516666666666
238,1630168,-0.25076860299254045,-2.5925131207670513,2.5611761415806678,2782.680000000001,Onyeka Okongwu,ATL,1404.7366666666667
239,1629011,-0.28761434960876564,-2.6263859176840714,2.021250839361067,1457.9000000000062,Mitchell Robinson,NYK,768.11
240,202709,-0.3102042082975631,-2.3913519328557173,1.9965167791158638,589.7800000000011,Cory Joseph,GSW,295.8933333333333
241,1626171,-0.3159819112369649,-3.038164978791135,2.3309281053222124,3853.5799999999813,Bobby Portis Jr.,MIL,2008.1666666666667
242,1630217,-0.3191605109417855,-2.7542612297681326,2.2396741771471387,2818.9799999999996,Desmond Bane,MEM,1442.8483333333334
243,1631218,-0.33128296709360155,-2.9957897104624154,2.462882535509091,2246.5600000000054,Trayce Jackson-Davis,GSW,1130.4516666666666
244,203471,-0.3410475052823676,-3.3511972749705814,2.20482939581116,4749.499999999983,Dennis Schröder,BKN,2485.945
245,1631093,-0.341792003124089,-3.184105651617989,2.0628321225862485,4399.619999999987,Jaden Ivey,DET,2217.4766666666665
246,203078,-0.3474429544701064,-3.0383129336555386,2.0693009752082157,3303.199999999997,Bradley Beal,PHX,1766.7333333333333
247,1629647,-0.3483531556126812,-2.048066817223716,1.308704474991623,303.16,Darius Bazley,UTA,151.825
248,1630577,-0.3484408756497056,-3.268523392254188,2.114519376939454,2927.439999999997,Julian Champagnie,SAS,1467.875
249,1628365,-0.3620390143079012,-2.7944473768205014,2.537291521753104,1753.8200000000095,Markelle Fultz,ORL,909.9383333333334
250,1630692,-0.3667408258220747,-3.375952895573043,2.2060752799440184,1933.1800000000112,Jordan Goodwin,MEM,1055.77
251,1629680,-0.37751943933908205,-3.162374740093879,2.036652848310936,2698.8399999999992,Matisse Thybulle,POR,1487.3833333333334
252,1641713,-0.38560350483845657,-3.8088711328668308,2.4150890787408503,2214.5800000000077,GG Jackson,MEM,1233.165
253,201959,-0.39484586231305746,-1.9433344131954537,1.3216004387745226,400.6800000000003,Taj Gibson,DET,204.50333333333333
254,1628998,-0.39792590720350635,-2.7241541909536493,2.0993128579564337,1428.4000000000046,Cody Martin,CHA,752.9916666666667
255,1631222,-0.41427855770931804,-2.9085829620392394,2.237475883355522,1389.600000000006,Jake LaRavia,MEM,805.55
256,1630175,-0.41640737762081714,-2.792825808371299,2.35565308248951,3429.359999999986,Cole Anthony,ORL,1817.3116666666667
257,1628964,-0.4334536757700653,-3.2244231293664765,1.8202534878073924,1351.4200000000053,Mo Bamba,PHI,740.3516666666667
258,1629007,-0.43454157564068113,-2.7558356746672996,1.693515648739905,733.5400000000021,Jontay Porter,DET,359.73833333333334
259,1630534,-0.4446552300074347,-2.924457126972341,2.4553888676204467,3131.479999999997,Ochai Agbaji,TOR,1641.6116666666667
260,1630183,-0.44503602224682076,-2.721776382624433,2.288325606388036,4029.5599999999813,Jaden McDaniels,MIN,2105.4533333333334
261,201568,-0.45438730423955964,-3.0023996473833634,1.6410017040024012,1238.3200000000047,Danilo Gallinari,MIL,629.29
262,1630188,-0.4669088372284073,-3.0714182509802965,2.0788354479605795,2135.8400000000097,Jalen Smith,IND,1046.625
263,1630579,-0.468122220489217,-3.4005422316580103,2.049757540632497,1081.3200000000031,Jericho Sims,NYK,584.7833333333333
264,1630556,-0.4812336495698161,-2.21681404426096,1.704663544295547,512.6200000000008,Kessler Edwards,SAC,274.7416666666667
265,1628995,-0.5089240970664748,-3.152255869285963,2.2465092309100303,1131.7400000000043,Kevin Knox II,POR,560.2333333333333
266,1627826,-0.5231312117356614,-2.9417391936217157,1.9330424991913553,3322.559999999994,Ivica Zubac,LAC,1794.4483333333333
267,203486,-0.5254453913041129,-3.0393028709393763,2.0910030712101735,1338.1800000000046,Mason Plumlee,LAC,673.9266666666666
268,1631197,-0.5296852078088672,-2.3359606536882214,1.2967820475725083,442.16000000000014,Jared Rhoden,DET,245.01666666666668
269,1627884,-0.5522067684417601,-3.282275891214703,2.064072093917494,3560.339999999988,Derrick Jones Jr.,DAL,1782.8566666666666
270,1630649,-0.5827907172406419,-2.8448763802468884,1.6992825174845931,570.4400000000009,Stanley Umude,DET,307.12166666666667
271,1629646,-0.5898342150459208,-2.2766142080953613,1.1158037763783306,421.1000000000006,Charles Bassey,SAS,205.275
272,1630570,-0.6050003537800925,-3.6869936107520296,1.937571495209155,1663.1200000000092,Trendon Watford,BKN,856.52
273,1630170,-0.6064458068731843,-3.6390803585169866,2.354906038540326,4600.899999999976,Devin Vassell,SAS,2247.7433333333333
274,1631216,-0.6219239574033603,-3.3085755665767325,1.9655749782782457,1483.3600000000067,Caleb Houstan,ORL,815.335
275,201580,-0.6299583957481362,-3.0067017320667757,1.6302029693980593,672.4000000000012,JaVale McGee,SAC,339.3616666666667
276,1626166,-0.6389265951181,-3.703329306747478,2.39127856578387,2457.600000000005,Cameron Payne,PHI,1304.0766666666666
277,1631104,-0.6410470782580956,-3.5497110994014234,1.7325198329135472,1740.100000000008,Blake Wesley,SAS,875.925
278,1630590,-0.65174319636284,-3.0406181557959577,1.7842935703887286,979.8400000000023,Scotty Pippen Jr.,MEM,526.8283333333334
279,1629677,-0.6521505340206005,-2.8110458109814958,1.4942016012439256,760.7400000000017,Luka Samanic,UTA,404.37666666666667
280,1641854,-0.6700123415502744,-3.0662417652361995,1.6735874761383696,1223.6000000000042,Craig Porter Jr.,CLE,649.355
281,200768,-0.6704090321983336,-3.4631168443821045,2.0283660391392755,3266.7599999999948,Kyle Lowry,PHI,1689.7666666666667
282,1629028,-0.6759899059484112,-3.2529371088809067,1.8687816312103107,3265.9399999999923,Deandre Ayton,POR,1783.4983333333332
283,1641707,-0.6900709612169154,-3.6648116069078442,1.9054688951173053,1638.4600000000066,Taylor Hendricks,UTA,856.4316666666666
284,1629312,-0.6938970397240546,-3.674530725010443,2.7838961964023397,2527.000000000003,Haywood Highsmith,MIA,1365.835
285,1629661,-0.6949340883539906,-3.583309997235766,2.008950879822843,3116.159999999992,Cameron Johnson,BKN,1599.0383333333334
286,1630163,-0.7011536459169051,-3.085018946112694,1.8919370649225968,1447.3000000000068,LaMelo Ball,CHA,711.35
287,202066,-0.7286383201059863,-2.5473521931114833,1.2645466526495355,574.4800000000007,Garrett Temple,TOR,288.75333333333333
288,1629669,-0.729640692627514,-2.666458695517646,1.147696835234074,423.4400000000006,Jaylen Nowell,SAC,213.76333333333332
289,1641730,-0.744793757549243,-2.9437152660081916,1.4976999814828449,723.3800000000017,Noah Clowney,BKN,369.85833333333335
290,1630596,-0.7564751734662353,-3.3682534015334293,1.6452868017734774,2977.039999999999,Evan Mobley,CLE,1532.35
291,1626158,-0.7666046274360395,-3.064094023823316,1.7273886329012589,1083.7800000000032,Richaun Holmes,WAS,554.11
292,1628969,-0.767872823152007,-3.152646986417986,1.7042820490520525,5576.059999999987,Mikal Bridges,BKN,2854.24
293,1631288,-0.7830150959499768,-3.124291108604413,1.438015197223588,502.38000000000045,Jamal Cain,MIA,259.09166666666664
294,1641998,-0.8136285367756783,-2.8168955361735297,1.7148388778491637,1022.4400000000024,Trey Jemison III,MEM,573.985
295,1629628,-0.8138002547876183,-3.6333127825584577,1.8949885723518385,3609.7799999999947,RJ Barrett,TOR,1838.1333333333334
296,1631212,-0.8150819066444162,-3.6198327339586185,1.760318658488859,2769.899999999999,Peyton Watson,DEN,1487.8366666666666
297,1641931,-0.8200974454540398,-3.1224435018549084,1.4693160460185053,509.60000000000065,Onuralp Bitim,CHI,267.9916666666667
298,203903,-0.8614835425288323,-3.64532502991508,1.8260914653000968,3243.939999999994,Jordan Clarkson,UTA,1682.3416666666667
299,1631105,-0.901240595364031,-3.5813945526046265,1.2870658960338195,3487.9399999999932,Jalen Duren,DET,1777.4816666666666
300,1629018,-0.9021128631620544,-4.1448610780072155,1.9713843199349528,3849.419999999992,Gary Trent Jr.,TOR,1993.5983333333334
301,1630540,-0.9044368973293749,-3.7682702441966764,1.70774892518158,2491.460000000003,Miles McBride,NYK,1327.74
302,201976,-0.9091620952585273,-3.9160915401865033,1.8539305059866356,2660.660000000006,Patrick Beverley,MIL,1462.5116666666668
303,1630552,-0.9205113649327018,-3.602784346664201,1.6278780437109825,3674.6199999999876,Jalen Johnson,ATL,1888.8666666666666
304,1630241,-0.9261603688444217,-3.542163175404629,1.7280856831299125,2008.5000000000116,Sam Merrill,CLE,1068.9183333333333
305,1641723,-0.9284257101546295,-2.6000558784938046,0.6607974507930741,370.4800000000003,Kobe Bufkin,ATL,196.00333333333333
306,1630197,-0.9366173932267468,-3.678840098438081,1.6927925382660172,785.7600000000018,Aleksej Pokusevski,CHA,405.3833333333333
307,1629723,-0.9407021832228218,-3.5208669884175348,1.8298297614661407,2192.6800000000085,John Konchar,MEM,1173.5733333333333
308,1631108,-0.9519012948172202,-3.2944896544505156,1.8278731061538995,1852.4000000000094,Max Christie,LAL,944.3183333333334
309,203488,-0.9550377607478933,-4.070357893078872,1.880594792615191,1213.6600000000042,Mike Muscala,OKC,600.18
310,200782,-0.9642084625042329,-3.561582604182955,1.6820206638177806,930.3200000000023,P.J. Tucker,LAC,486.31333333333333
311,1631303,-0.9656174373361859,-3.104203608627185,0.8154320314353024,701.0000000000017,Justin Minaya,POR,380.98333333333335
312,1641715,-0.9702888590924469,-3.8261602019000125,1.8276572514447031,1766.9200000000108,Cam Whitmore,HOU,880.3333333333334
313,1631094,-0.9751399016205613,-3.448486166623993,1.2069232239451846,5401.95999999997,Paolo Banchero,ORL,2798.701666666667
314,1631100,-1.0114097247642366,-2.637244932860265,0.6398059682405166,355.94,AJ Griffin,ATL,170.73
315,1631101,-1.0163577035209153,-3.6542013315596784,1.4627712822608006,1974.9000000000092,Shaedon Sharpe,POR,1059.0183333333334
316,202696,-1.0260546411916374,-3.438183448896321,1.484500714435769,4857.19999999998,Nikola Vučević,CHI,2609.5016666666666
317,1630224,-1.0281474193668767,-3.581348788545252,1.784492300417099,5050.819999999982,Jalen Green,HOU,2601.3816666666667
318,1627749,-1.0432530442985317,-3.6460170292304346,1.3202613982336724,5332.33999999998,Dejounte Murray,ATL,2783.3433333333332
319,1631172,-1.0467643692755504,-3.0658026966390413,1.0627956210337386,711.620000000001,Ousmane Dieng,OKC,364.9533333333333
320,1630558,-1.0506924135299418,-4.006747891685631,1.7217060990526236,2073.640000000013,Davion Mitchell,SAC,1101.1
321,1631128,-1.053353308504826,-4.018823928677228,1.7552527042046897,3116.739999999993,Christian Braun,DEN,1655.565
322,1631117,-1.0618230977105532,-3.726852945475343,1.7176130054025933,2883.699999999999,Walker Kessler,UTA,1493.1066666666666
323,202722,-1.0700051751129274,-3.5842584788374454,1.5361197920415723,1282.120000000005,Davis Bertans,CHA,674.0716666666667
324,203952,-1.0928275562576577,-3.9683612702692135,1.6337323033253013,3859.639999999988,Andrew Wiggins,GSW,1920.4483333333333
325,203925,-1.0968640508231389,-2.774826858816762,0.5296427940237622,341.38000000000017,Joe Harris,DET,169.97833333333332
326,1630526,-1.1095526673111333,-3.0576814824932743,1.1658116997628907,614.5600000000012,Jeremiah Robinson-Earl,NOP,334.31333333333333
327,1629013,-1.1157174226045503,-3.5359433814649868,1.4047713030922824,1451.500000000006,Landry Shamet,WAS,726.4966666666667
328,1629650,-1.1491488118626287,-2.7073296661644366,0.5090787457448295,368.30000000000024,Moses Brown,POR,199.97833333333332
329,1629002,-1.1663675344760343,-3.792294022712589,1.5338928276750692,1663.3200000000088,Chimezie Metu,DET,858.9066666666666
330,1627777,-1.1896691429591817,-4.172228825558592,1.53309958585722,3478.3999999999887,Georges Niang,CLE,1831.125
331,203648,-1.190171173025126,-3.2082650470816985,0.48208077804013555,307.91999999999996,Thanasis Antetokounmpo,MIL,155.43166666666667
332,1630567,-1.1957743075511296,-3.4103439686631853,1.387805299499179,4032.1399999999862,Scottie Barnes,TOR,2094.2483333333334
333,1629611,-1.2071120100217225,-4.171396251492342,1.4381684464212552,3432.0599999999886,Terance Mann,LAC,1872.8916666666667
334,1629659,-1.2348214629935668,-4.031456340762986,1.9325662252891074,1804.7600000000093,Talen Horton-Tucker,UTA,1008.6983333333334
335,1629640,-1.2367872509676296,-3.872543220482195,1.6404944809540638,4115.7399999999725,Keldon Johnson,SAS,2038.3616666666667
336,1630551,-1.243954477619261,-3.121139257696771,0.815587905797631,482.0200000000007,Justin Champagnie,WAS,234.83833333333334
337,1630595,-1.2621249018883112,-3.8911595104686945,1.6633808612852599,4010.0999999999844,Cade Cunningham,DET,2074.225
338,203897,-1.2890213707388798,-3.706522667094124,1.427177595372437,1627.1800000000073,Zach LaVine,CHI,871.8616666666667
339,1628978,-1.326790628232907,-4.083436101490058,1.2384583613526046,4554.099999999985,Donte DiVincenzo,NYK,2360.3933333333334
340,1630177,-1.3750476570947063,-3.1863050819137637,0.4915949886755393,430.42000000000047,Theo Maledon,PHX,213.19666666666666
341,1629139,-1.4228938156284536,-3.5225138783768766,0.9121181271173938,878.7800000000027,Yuta Watanabe,MEM,464.37333333333333
342,1631095,-1.4423092472287602,-4.5127184397429145,1.3265722642014803,4675.61999999998,Jabari Smith Jr.,HOU,2423.845
343,203493,-1.446243932555423,-3.5299271703896546,1.014826681990938,838.080000000002,Reggie Bullock Jr.,HOU,417.47333333333336
344,1641712,-1.449416315490739,-3.4706398390784057,0.7404612961098241,1217.9200000000035,Rayan Rupert,POR,633.225
345,1630184,-1.4541123909276268,-3.5327877351048182,0.8801023970528112,528.6600000000004,Kira Lewis Jr.,UTA,264.2366666666667
346,1626162,-1.4549465735717868,-4.0180033182458965,1.1939441910556907,3830.3799999999865,Kelly Oubre Jr.,PHI,2055.32
347,1630537,-1.4751687291676607,-4.32730186772631,1.4853224188639294,1316.4000000000053,Chris Duarte,SAC,719.5183333333333
348,1630245,-1.476298709394609,-3.871539038801999,1.1263836292686344,4155.8399999999765,Ayo Dosunmu,CHI,2212.4683333333332
349,202694,-1.5010501121794382,-4.349647909933167,1.27308603023,1523.140000000007,Marcus Morris Sr.,CLE,816.9766666666667
350,203095,-1.5029226494572419,-3.9467637876729,1.0226136758778974,1134.1400000000044,Evan Fournier,DET,579.6733333333333
351,1631110,-1.524948971720772,-4.285593659158492,1.171670248791705,4463.199999999975,Jeremy Sochan,SAS,2193.095
352,1630531,-1.5595486183098506,-3.8867536878387505,0.6805564220965555,915.7600000000027,Jaden Springer,BOS,506.995
353,1630641,-1.5631717964562741,-3.1912209205625577,0.26568925294093926,436.98000000000053,Ibou Badji,POR,225.81833333333333
354,1628981,-1.6027884981028844,-3.9576605627996533,0.6790864790208034,1261.3600000000051,Bruno Fernando,ATL,682.3033333333333
355,203967,-1.6055798274320237,-4.421943540886945,1.0892805631724112,2180.2200000000103,Dario Saric,GSW,1097.7516666666668
356,202693,-1.6086022690755712,-3.478021465810864,0.16385632805975162,434.38000000000045,Markieff Morris,DAL,216.38833333333332
357,1629027,-1.6142483736091449,-4.227984727901255,0.990225235871161,3874.079999999989,Trae Young,ATL,1941.7133333333334
358,1631204,-1.6217807220096294,-4.529840444473269,1.2011424827767399,2631.1600000000067,Marcus Sasser,DET,1351.11
359,202691,-1.622863348548175,-4.513611666718643,1.2081037199657307,4619.779999999987,Klay Thompson,GSW,2284.1683333333335
360,202330,-1.6383928781654906,-4.8654606590902345,1.0527507395710107,2508.9600000000055,Gordon Hayward,OKC,1245.25
361,1628991,-1.6569415255902944,-4.379809219341853,0.7998736605452846,4143.799999999983,Jaren Jackson Jr.,MEM,2124.18
362,1630538,-1.6589509095723922,-4.122192661731097,0.9111480760966353,1053.0000000000023,Bones Hyland,LAC,540.21
363,1629629,-1.6796403231400174,-4.02331758566841,0.8634675072101508,1955.58000000001,Cam Reddish,LAL,984.0616666666666
364,1630173,-1.684871896486204,-4.668251826804733,1.0884990467938764,3092.2399999999984,Precious Achiuwa,NYK,1623.7533333333333
365,1630560,-1.704030416434478,-4.46240778011244,1.194971226813372,4106.939999999978,Cam Thomas,BKN,2074.85
366,202704,-1.711690458384819,-4.528736766772301,1.1797878264461248,3457.739999999989,Reggie Jackson,DEN,1816.82
367,1630322,-1.7174161757214483,-3.5858183581692997,0.18589901364570677,543.7400000000007,Lindy Waters III,OKC,280.2083333333333
368,1630559,-1.7253422785610388,-4.428179045321351,0.6427359926545813,5221.659999999988,Austin Reaves,LAL,2628.95
369,1641787,-1.753973717195252,-3.863772833692106,0.23696429408130615,714.4200000000017,Tosan Evbuomwan,DET,366.5783333333333
370,1630208,-1.7614313159673727,-4.547764834888113,0.8066770282019964,3378.0599999999927,Nick Richards,CHA,1758.7366666666667
371,1629637,-1.779386551507639,-4.434795574314005,0.7660375175462839,1736.9200000000094,Jaxson Hayes,LAL,877.1333333333333
372,1629726,-1.8005057013559604,-4.68964060523422,1.219720249683849,1913.200000000011,Garrison Mathews,ATL,992.1216666666667
373,1629643,-1.803764595769078,-3.838417809931333,0.1527319826429022,735.9400000000013,Chuma Okeke,ORL,431.73
374,1628470,-1.8042546233169208,-4.313295166400968,0.6660903248281096,1936.8000000000125,Torrey Craig,CHI,1048.6016666666667
375,1631121,-1.819159654631441,-4.526641889630433,0.6056291930465723,1736.5800000000077,Bryce McGowens,CHA,881.595
376,202083,-1.8629509397066322,-3.9269614495866354,0.2336340428241784,732.880000000002,Wesley Matthews,ATL,412.87
377,1628370,-1.8814221056767817,-4.911179367963633,1.106186710250563,3569.8199999999815,Malik Monk,SAC,1872.3066666666666
378,1641738,-1.9053791009900243,-4.28384904392903,0.4875084769458189,749.6000000000021,Kobe Brown,LAC,393.99833333333333
379,203501,-1.9207253708123195,-4.899327490866605,0.8660253545350963,4237.4399999999705,Tim Hardaway Jr.,DAL,2120.3283333333334
380,203084,-1.944580157826053,-4.332179676401346,0.7107768334000574,4591.459999999985,Harrison Barnes,SAC,2380.87
381,1626192,-1.9516496609929725,-4.899765922594272,0.5860229352035204,3266.91999999999,Pat Connaughton,MIL,1676.28
382,1629656,-1.954090368917915,-4.730207832860131,0.9790413422950308,1966.0800000000102,Quentin Grimes,DET,1024.9433333333334
383,203482,-1.983589715031782,-4.550622141860049,0.6299013999615339,3459.559999999994,Kelly Olynyk,TOR,1758.73
384,1631241,-1.9905659670515092,-3.985722339274329,0.23038428794960883,817.1600000000024,Javon Freeman-Liberty,TOR,403.03833333333336
385,1631367,-1.9925232402158006,-5.096194888047566,0.1976467493475923,1344.0800000000052,Jacob Gilyard,BKN,698.405
386,1629003,-2.0021313862261443,-4.361747206284056,0.2895278908417375,1165.2600000000039,Shake Milton,NYK,581.16
387,1631124,-2.0053050765927765,-4.678303220604958,0.5649256508143404,1086.9400000000037,Julian Strawther,DEN,545.415
388,1630209,-2.0091506635575427,-4.387896682984622,0.3620533668961137,956.8600000000024,Omer Yurtseven,UTA,545.1016666666667
389,1641722,-2.0105073617355895,-4.655469990250344,1.0529581328784643,2251.46000000001,Jordan Hawkins,NOP,1160.58
390,1641731,-2.028851341610285,-4.98660130841182,0.618310736107529,3517.6599999999894,Bilal Coulibaly,WAS,1715.25
391,1631098,-2.035147381159672,-4.591399244324311,0.728389494791457,1231.3800000000049,Johnny Davis,WAS,613.48
392,201599,-2.040711083522989,-4.1972317369625625,0.22239086222081872,734.2400000000016,DeAndre Jordan,DEN,395.71666666666664
393,1630647,-2.044471981056688,-4.008597568214713,-0.048611855968314285,824.320000000002,Eugene Omoruyi,WAS,393.3066666666667
394,1641765,-2.0465805010783993,-4.11663714212018,0.0775696847552176,685.5000000000009,Olivier-Maxence Prosper,DAL,336.21166666666664
395,1628972,-2.054182359597418,-4.7612590633398355,0.9768260222614064,1624.4000000000078,Troy Brown Jr.,DET,826.5116666666667
396,1630182,-2.0743295491823863,-4.72411584893795,0.9441391115682904,2952.760000000001,Josh Green,DAL,1504.72
397,1628966,-2.092879680724663,-4.511728174264494,0.6322799784743157,1125.000000000004,Keita Bates-Diop,BKN,664.59
398,1626179,-2.1281671504753663,-4.538425673836894,0.6500916123476415,4008.8999999999883,Terry Rozier,MIA,2040.3816666666667
399,1630527,-2.14162783845718,-4.433760886922423,0.13516821035008736,680.4400000000012,Brandon Boston Jr.,LAC,345.1716666666667
400,1628379,-2.146236721050744,-4.856038498846125,0.7697463708914998,1898.6800000000096,Luke Kennard,MEM,999.0466666666666
401,1629014,-2.246058364038002,-4.734965555350618,0.14478656274404778,2844.099999999998,Anfernee Simons,POR,1581.7433333333333
402,1630235,-2.2614309861779778,-4.58064378546056,0.2837700571196795,785.8600000000022,Trent Forrest,ATL,413.76166666666666
403,1630583,-2.2635721292065925,-5.028080723020297,1.2049094763893953,3000.42,Santi Aldama,MEM,1618.0566666666666
404,203109,-2.295100873396468,-5.220800654194213,0.651952072600962,2189.340000000007,Jae Crowder,MIL,1155.6983333333333
405,1627752,-2.296429449877797,-4.838095448863178,0.6736873297386373,4194.43999999998,Taurean Prince,LAL,2107.6216666666664
406,1630201,-2.3080193359081838,-4.8396541054963595,0.3002812502775773,1666.3000000000097,Malachi Flynn,DET,876.9216666666666
407,1630625,-2.3151174506692485,-4.905785956154703,0.27412258188342664,2007.440000000012,Dalano Banton,POR,1046.8466666666666
408,1631223,-2.3173646219678483,-5.379706085294815,0.5647706065924241,2330.6400000000094,David Roddy,PHX,1176.9816666666666
409,1641748,-2.3514906958772688,-4.866377321297166,0.2667725330090905,1137.9400000000041,Andre Jackson Jr.,MIL,572.3283333333334
410,1628971,-2.4004207734004153,-5.315826226741148,0.4348602739575942,3777.899999999981,Bruce Brown,TOR,1865.3666666666666
411,1641706,-2.4362243214647226,-5.1279188656497725,-0.30378558005467227,4627.9399999999805,Brandon Miller,CHA,2382.963333333333
412,1627745,-2.436477421461472,-4.772953286572831,-0.3869293732393799,505.4800000000004,Damian Jones,CLE,269.7316666666667
413,201145,-2.440237458290604,-4.73106860270916,0.8730982899163363,2504.2600000000066,Jeff Green,HOU,1307.3383333333334
414,1629667,-2.4514001436281494,-4.906805543274615,0.22900616964390275,1054.8800000000037,Jalen McDaniels,TOR,538.0066666666667
415,1629642,-2.455136357309567,-4.521785524758812,-0.11908632726589213,861.9400000000022,Nassir Little,PHX,458.28333333333336
416,1631133,-2.4664769297657445,-5.058460035230233,0.33973908774951345,3034.5799999999954,Jabari Walker,POR,1700.5733333333333
417,1629684,-2.472340678300381,-5.558573368191583,0.4855065846957973,4139.259999999981,Grant Williams,CHA,2129.56
418,1628398,-2.496015908627607,-4.904529964902903,-0.5153798514317158,4679.359999999985,Kyle Kuzma,WAS,2281.141666666667
419,1626145,-2.509091831492397,-4.907048202345208,-0.11207045001070706,3982.359999999988,Tyus Jones,WAS,1932.6666666666667
420,1630219,-2.5210870718312592,-5.089773693171435,-0.1130843813031089,797.7000000000023,Skylar Mays,LAL,433.27166666666665
421,1629651,-2.5391271306425662,-5.040858301966522,0.5031773028199852,4103.779999999982,Nic Claxton,BKN,2115.6633333333334
422,203924,-2.5453766375093454,-5.163582096007025,0.06464144525332512,3443.379999999989,Jerami Grant,POR,1830.1866666666667
423,1630702,-2.5522534863399606,-4.984207885662632,0.2155342464451749,1985.1400000000106,Jaden Hardy,DAL,989.2133333333334
424,1629599,-2.573876247901335,-5.405672056370234,0.26759426047142437,2843.859999999995,Amir Coffey,LAC,1460.5966666666666
425,1630165,-2.640132039200349,-5.593379047862937,0.0019310922899529875,1987.98000000001,Killian Hayes,DET,1007.6583333333333
426,1628381,-2.667391906699955,-5.1917928430908535,-0.2117720513677375,3621.139999999992,John Collins,UTA,1901.06
427,1629670,-2.6789520189551896,-5.481809511303072,-0.3269145184496925,1454.7000000000073,Jordan Nwora,TOR,711.3933333333333
428,1629234,-2.7258307632792,-5.329054957979555,0.04758523287319961,2169.9400000000096,Drew Eubanks,PHX,1168.705
429,1630533,-2.8204135803184296,-5.670646290057485,-0.08243772125142235,1973.2000000000116,Ziaire Williams,MEM,1037.6816666666666
430,1626196,-2.822234626032063,-5.414691370376743,-0.26149692469442437,2135.100000000011,Josh Richardson,MIA,1102.83
431,203926,-2.8244644116225754,-5.7433419168748365,0.04460995640710953,1854.4000000000103,Doug McDermott,IND,904.4783333333334
432,1641877,-2.841064501899057,-5.293905509646302,-0.3807621546200886,594.4800000000012,Nate Mensah,CHA,306.64166666666665
433,1641729,-2.8602017835068763,-5.248019834983072,-0.5366791943060919,1118.660000000003,Brice Sensabaugh,UTA,584.3633333333333
434,202692,-2.8932983841063895,-5.792116119888064,-0.2305248155747905,2388.1400000000076,Alec Burks,NYK,1211.545
435,1629673,-2.8994412884053995,-5.628667932430489,-0.04350459026704175,4812.639999999983,Jordan Poole,WAS,2345.555
436,1641733,-2.9175629613586063,-5.890518727764638,-0.17051157611952933,1401.5800000000054,Nick Smith Jr.,CHA,728.71
437,1628380,-2.931163514423806,-5.880646498275975,-0.03496597320347635,3067.199999999995,Zach Collins,SAS,1525.7283333333332
438,1641718,-3.0467207493605057,-5.5132887434106275,-0.33485251881340494,3926.8599999999847,Keyonte George,UTA,2022.5766666666666
439,1628970,-3.056488009747944,-6.039498025425235,-0.5049076621667559,5023.519999999977,Miles Bridges,CHA,2581.116666666667
440,1630192,-3.070378434896609,-5.177541245567892,-0.7189826612991809,1082.1400000000033,Zeke Nnaji,DEN,576.12
441,1631097,-3.0738236339481944,-5.889604792942215,-0.14791515148725362,3154.919999999997,Bennedict Mathurin,IND,1538.39
442,1630587,-3.0889210190251255,-6.005897121462049,-0.6660969083521747,954.680000000003,Isaiah Livers,DET,469.39666666666665
443,1631103,-3.371625631432545,-6.200950418879984,-0.20275056341546568,3177.039999999995,Malaki Branham,SAS,1594.3266666666666
444,1630557,-3.4499395748330843,-6.000771176117177,-0.5700576378237192,4194.439999999979,Corey Kispert,WAS,2067.435
445,202397,-3.5211368202889757,-5.962701948958289,-0.9285291623102224,1479.080000000007,Ish Smith,CHA,740.8466666666667
446,202711,-3.638801539245366,-6.463498978610005,-0.7662835578817794,2914.339999999999,Bojan Bogdanovic,NYK,1478.0033333333333
447,1630164,-3.7003019351366078,-5.892775328700517,-0.9764539693624202,2127.3600000000124,James Wiseman,DET,1091.0433333333333
448,1630703,-3.9316012237126476,-6.67744701086904,-1.1890965395920556,3281.619999999994,Scoot Henderson,POR,1765.3933333333334
449,1641711,-4.284473889015253,-7.419640913392344,-1.3503701834626178,2514.9400000000046,Gradey Dick,TOR,1267.6683333333333
450,1626224,-4.378569430590673,-7.194524169221479,-1.5975622033088412,2598.2800000000047,Cedi Osman,SAS,1268.7516666666668
