rank,player_id,stint_rapm_100,ci_lo,ci_hi,poss,player,team,official_min,lineup_rapm,delta
107,1629652,1.2283393764276271,-0.876967931132263,3.6881047526361,4555.499999999981,Luguentz Dort,OKC,2245.971666666667,-0.2756861529873933,1.5040255294150204
174,1628415,0.4545312038996442,-2.142528809530752,2.903085577826453,4424.079999999979,Dillon Brooks,HOU,2226.7383333333332,-1.0404334827812431,1.4949646866808872
16,1629731,3.674685747442317,0.6124694301612768,6.439704437366376,2158.240000000009,Dean Wade,CLE,1108.08,2.2019775859615702,1.472708161480747
70,203932,1.8369515004276054,-0.4159530240224991,3.9618070084873267,4491.299999999983,Aaron Gordon,DEN,2296.81,0.38532417427953464,1.4516273261480708
153,1641709,0.6902557254758334,-2.0826892109333426,3.4045724417427055,3178.879999999998,Ausar Thompson,DET,1582.805,-0.736915978887059,1.4271717043628924
326,203952,-1.1184324426535144,-4.173077433670885,1.6954111707950668,3859.639999999988,Andrew Wiggins,GSW,1920.4483333333333,-2.405852305706769,1.2874198630532547
201,1630171,0.14383636395834515,-2.6671680153800916,2.869544839066275,3662.7599999999866,Isaac Okoro,CLE,1887.0566666666666,-1.0177289055237795,1.1615652694821246
268,1630183,-0.5507346680650449,-3.524402174794353,2.461793128409226,4076.2999999999806,Jaden McDaniels,MIN,2105.4533333333334,-1.7117982752138838,1.161063607148839
8,1628371,4.11259066751276,1.733748241701349,7.107493709710596,1742.60000000001,Jonathan Isaac,ORL,914.61,2.9563709682349635,1.1562196992777962
53,1627780,2.2739690637917547,-0.2804751236951131,5.008394610412888,1371.9000000000065,Gary Payton II,GSW,679.9,1.1370861852396665,1.1368828785520881
58,1630174,2.095868063962526,-0.7208474226556525,5.181053066490752,4058.47999999998,Aaron Nesmith,IND,1994.655,0.9755436939316395,1.1203243700308863
38,1630529,2.85449499658351,0.2691117286747944,5.6892915146093115,4568.519999999981,Herbert Jones,NOP,2321.4283333333333,1.7750896009643564,1.0794053956191534
113,1626172,1.1477465831660794,-1.7263486543982451,3.5491011335334304,2345.4200000000064,Kevon Looney,GSW,1194.4283333333333,0.0735871776325764,1.0741594055335029
219,1641717,-0.02649172501196446,-2.7347772176969762,2.8617572065917,3393.2399999999866,Cason Wallace,OKC,1691.9216666666666,-1.071308420110808,1.0448166950988436
167,1627759,0.5836891124372257,-2.198596657019239,3.3695639857820208,4682.279999999978,Jaylen Brown,BOS,2342.5216666666665,-0.4371415001485582,1.0208306125857838
298,1631212,-0.8031711784169289,-3.4021749643380783,1.5399780233858047,2866.019999999997,Peyton Watson,DEN,1487.8366666666666,-1.7716221496711027,0.9684509712541738
305,1629628,-0.8816246398966583,-3.2896308218518424,1.85339129679444,3688.1199999999935,RJ Barrett,TOR,1838.1333333333334,-1.848626043171654,0.9670014032749956
332,1629611,-1.2059066358896064,-3.824659734416425,1.7676877560545219,3611.599999999985,Terance Mann,LAC,1872.8916666666667,-2.167333220625544,0.9614265847359373
384,1630182,-1.9086847595438254,-4.743760620458813,0.7875281500768201,3016.58,Josh Green,DAL,1504.72,-2.852017523929633,0.9433327643858076
86,1630228,1.5109417939932717,-1.0868474651389866,4.134415930367768,3925.4199999999864,Jonathan Kuminga,GSW,1949.5133333333333,0.5928430818919649,0.9180987121013068
221,1641710,-0.04547845046990988,-3.0292252015820584,2.2561297286001687,2277.4400000000082,Anthony Black,ORL,1164.21,-0.9546307676834496,0.9091523172135397
166,1626204,0.5923602159961355,-2.147203230385239,3.3226126774870233,2386.0400000000063,Larry Nance Jr.,NOP,1216.1383333333333,-0.29497381597872124,0.8873340319748568
313,1627749,-1.0181052968147892,-3.292404688184064,1.2244242402916117,5659.099999999977,Dejounte Murray,ATL,2783.3433333333332,-1.9039530085323533,0.885847711717564
137,1628372,0.9043936840787166,-1.7724263524137505,3.7205800020740094,2039.800000000014,Dennis Smith Jr.,BKN,1058.6583333333333,0.04218117778046751,0.8622125062982491
47,203076,2.540496569675752,-0.2317780847994752,5.028763173756028,5537.859999999983,Anthony Davis,LAL,2700.2433333333333,1.6865676228919444,0.8539289467838076
327,201976,-1.1253522327145324,-4.272571969430509,2.1845018116777988,2841.940000000002,Patrick Beverley,MIL,1462.5116666666668,-1.9654564930236469,0.8401042603091144
424,1628381,-2.542997081193763,-4.913639034234694,0.21436102357190961,3835.199999999988,John Collins,UTA,1901.06,-3.3542473763127036,0.8112502951189406
253,1629028,-0.4152618345988851,-3.229247052429024,2.3336512153682247,3497.7799999999884,Deandre Ayton,POR,1783.4983333333332,-1.2209522597739695,0.8056904251750844
24,1630162,3.4944658817452243,0.9479788038725234,6.276874193337676,5411.85999999998,Anthony Edwards,MIN,2770.383333333333,2.7041821538113378,0.7902837279338866
400,203084,-2.15628542630562,-4.901026590879102,0.17540496816234716,4775.519999999988,Harrison Barnes,SAC,2380.87,-2.9360151722744376,0.7797297459688175
159,1629639,0.6511218589429545,-2.3466750541587156,3.342968245983898,2767.280000000002,Tyler Herro,MIA,1407.105,-0.12229709808259753,0.7734189570255521
371,1631101,-1.724318229907959,-4.339247280481782,1.3973071653037559,2110.7200000000084,Shaedon Sharpe,POR,1059.0183333333334,-2.4936655066197653,0.7693472767118064
136,1627751,0.9048480977512824,-1.9582421176999876,3.47180014461037,2635.2800000000057,Jakob Poeltl,TOR,1319.1083333333333,0.15754585581170177,0.7473022419395806
104,1628386,1.259742516618678,-1.21230068304535,3.985438257424065,4785.879999999981,Jarrett Allen,CLE,2442.0616666666665,0.5199641695519757,0.7397783470667023
344,1631110,-1.4365070519520993,-4.18611805463381,0.9267515183145338,4463.199999999975,Jeremy Sochan,SAS,2193.095,-2.1713152057141762,0.734808153762077
1,1628983,5.525206700085102,3.0272083845411055,8.172248731866032,5203.319999999973,Shai Gilgeous-Alexander,OKC,2552.6866666666665,4.802198877950691,0.7230078221344112
373,1630208,-1.73236851086873,-3.9106222042343486,1.2239713237417165,3428.579999999992,Nick Richards,CHA,1758.7366666666667,-2.4466627928181666,0.7142942819494367
404,1627752,-2.2014006909738777,-4.680984110566218,0.44569225072176843,4295.019999999978,Taurean Prince,LAL,2107.6216666666664,-2.913991404081833,0.7125907131079554
363,1630559,-1.6531061858589726,-4.173596973535356,0.9470963703414305,5344.999999999989,Austin Reaves,LAL,2628.95,-2.360311066783456,0.7072048809244833
199,1627732,0.16561027005863727,-2.113740857812162,2.6520431891495897,731.5400000000012,Ben Simmons,BKN,358.9166666666667,-0.5255786392861982,0.6911889093448355
412,1626145,-2.3134930193066743,-4.646954005235876,-0.08909897690120956,4056.9799999999864,Tyus Jones,WAS,1932.6666666666667,-2.9837950225400904,0.6703020032334162
6,203994,4.73690803093876,1.8932337044356482,7.902888264944198,4147.939999999988,Jusuf Nurkić,PHX,2078.035,4.068251510627419,0.668656520311341
247,1630217,-0.3759823625673994,-3.1716781769262927,2.024189021822774,2895.999999999999,Desmond Bane,MEM,1442.8483333333334,-1.0304071050076775,0.654424742440278
438,1628380,-2.9542855666591272,-5.50713946214016,-0.1446223407569344,3096.119999999995,Zach Collins,SAS,1525.7283333333332,-3.605189116081467,0.6509035494223396
117,1630578,1.1141761910754298,-1.6679314344734708,3.679883420894428,4025.7599999999825,Alperen Sengun,HOU,2045.635,0.4793535375032696,0.6348226535721602
56,1626220,2.1825878685663853,-0.9982872448416474,5.2977216823240365,3876.4599999999864,Royce O'Neale,PHX,1954.2416666666666,1.565879118464743,0.6167087501016424
135,1627734,0.9076093689354005,-1.406690663446746,3.0514003719768454,5861.4599999999855,Domantas Sabonis,SAC,2928.0216666666665,0.29102034659629045,0.61658902233911
96,1629020,1.396735959350998,-0.9625639423476949,3.7510854018500512,1192.0600000000043,Jarred Vanderbilt,LAL,581.2366666666667,0.7802631517462799,0.6164728076047181
74,1629026,1.7399755578441385,-1.2974813409368968,4.355268151434965,2038.900000000013,Kenrich Williams,OKC,1029.0066666666667,1.1252704195832801,0.6147051382608584
52,1631096,2.299326071419811,-0.04982957450322999,4.4992821878856715,4883.039999999979,Chet Holmgren,OKC,2412.7966666666666,1.690889607428239,0.6084364639915723
450,1630703,-3.9640925298285876,-6.715156170754996,-1.0331733001291086,3498.659999999992,Scoot Henderson,POR,1765.3933333333334,-4.564638993538651,0.6005464637100633
28,1628369,3.237817192300571,0.8262090232519166,5.930896955541224,5200.139999999987,Jayson Tatum,BOS,2645.213333333333,2.6399801369981137,0.5978370553024575
415,203109,-2.327437244853609,-5.004113340027649,0.5127079815548486,2319.0000000000045,Jae Crowder,MIL,1155.6983333333333,-2.9158815818457717,0.5884443369921626
95,1629048,1.415137302043647,-0.8183573058798801,3.562371341449098,1856.0800000000077,Goga Bitadze,ORL,957.0866666666667,0.8313769815392457,0.5837603205044014
37,203110,2.864783555869308,-0.25180637107839676,5.229961862442404,3055.059999999997,Draymond Green,GSW,1490.1833333333334,2.2871290126298165,0.5776545432394915
351,1628991,-1.5157577400505784,-4.2264802393427745,1.1504401582551167,4230.039999999984,Jaren Jackson Jr.,MEM,2124.18,-2.0917720444331156,0.5760143043825372
21,1628368,3.5533865458051612,0.6559526220014921,6.570125150972504,5342.939999999984,De'Aaron Fox,SAC,2658.7633333333333,2.9782825507757926,0.5751039950293686
299,1631094,-0.8190486054808285,-3.1220803619884867,1.7074744702799567,5487.699999999968,Paolo Banchero,ORL,2798.701666666667,-1.3791932270874983,0.5601446216066698
57,1630167,2.098832971894812,-0.15171327198143392,4.616391685083318,3582.2199999999743,Obi Toppin,IND,1730.6016666666667,1.5416213430737866,0.5572116288210254
146,1630700,0.7654023874202972,-2.0859388656250295,3.7170051087638494,2664.4400000000023,Dyson Daniels,NOP,1358.525,0.214375381577058,0.5510270058432392
254,1641713,-0.44600010334507495,-3.309069636975095,2.1809300443963435,2429.0000000000055,GG Jackson,MEM,1233.165,-0.9906059043206414,0.5446058009755665
97,1629750,1.3962292617122953,-0.24008221933656385,3.2740899905036307,453.62000000000046,Javonte Green,CHI,230.4,0.8538844511508126,0.5423448105614828
27,1631107,3.306808353456325,0.6938865565458613,6.012359984079559,1728.0200000000063,Nikola Jović,MIA,896.2366666666667,2.7685180148246142,0.5382903386317106
204,203937,0.135360349380031,-2.4377703233904153,2.987797276079303,3465.13999999999,Kyle Anderson,MIN,1781.8816666666667,-0.3940160240821225,0.5293763734621535
324,202696,-1.1119171110234154,-3.6005321017104155,1.1991340096756078,5073.079999999982,Nikola Vučević,CHI,2609.5016666666666,-1.636674998610954,0.5247578875875385
250,1627884,-0.38542243497072903,-3.117399251503996,2.4409953317736357,3600.119999999987,Derrick Jones Jr.,DAL,1782.8566666666666,-0.8966854975413326,0.5112630625706036
222,1629614,-0.04655248151999736,-2.3824915052972706,2.603748345433888,3434.019999999991,Andrew Nembhard,IND,1696.685,-0.55406575986685,0.5075132783468527
173,1630598,0.4788383683375355,-2.4798538659308944,2.9477370673035432,2445.0600000000063,Aaron Wiggins,OKC,1227.9383333333333,-0.016646594623433847,0.49548496296096933
315,1631105,-1.0394852708872926,-3.5951681755429044,1.410197410010018,3587.559999999991,Jalen Duren,DET,1777.4816666666666,-1.534923511566817,0.49543824067952436
42,1629638,2.6492247965269535,-0.571610944788043,5.32320416004458,3761.379999999983,Nickeil Alexander-Walker,MIN,1920.9183333333333,2.156453780140406,0.4927710163865475
45,1626167,2.6010782555734346,-0.16688784365091153,4.972809039550013,4254.959999999986,Myles Turner,IND,2076.4366666666665,2.1105789940431854,0.49049926153024925
226,1629006,-0.06360030677860529,-2.8371852298379596,2.9055629162409637,1906.820000000012,Josh Okogie,PHX,959.715,-0.5508828332840553,0.48728252650545
390,1629014,-1.9895946139429574,-4.632244181063579,0.4342851178375404,3094.779999999993,Anfernee Simons,POR,1581.7433333333333,-2.4726668537228385,0.483072239779881
18,203507,3.6115425198975686,1.2743989397224065,6.516291005362377,5171.979999999984,Giannis Antetokounmpo,MIL,2567.2433333333333,3.1288435132291705,0.48269900666839805
211,201566,0.07487025169629072,-2.556003820363511,2.8239658993641172,3087.2399999999902,Russell Westbrook,LAC,1528.8166666666666,-0.40625534416262726,0.481125595858918
286,1630596,-0.717203862843763,-3.4836689492668644,2.123149963707903,3038.539999999998,Evan Mobley,CLE,1532.35,-1.1843477486866905,0.46714388584292743
338,1628978,-1.3346082655085754,-3.9061806381119957,1.3099815213089356,4554.099999999985,Donte DiVincenzo,NYK,2360.3933333333334,-1.80056901440476,0.46596074889618455
224,202684,-0.06025358553452307,-2.5962209633652966,2.666376566513422,1037.360000000003,Tristan Thompson,CLE,548.9166666666666,-0.5259341233838252,0.4656805378493021
409,1628470,-2.284579289364052,-4.978851247681948,0.1584630363250571,2028.200000000013,Torrey Craig,CHI,1048.6016666666667,-2.749969693823844,0.46539040445979163
198,1629023,0.17140642351054947,-2.472890169210889,3.0231437594234296,4442.959999999984,P.J. Washington,DAL,2220.6783333333333,-0.2932674922049728,0.46467391571552225
130,201950,0.9666857063341212,-1.5562257151211594,3.510529649649797,4451.4999999999845,Jrue Holiday,BOS,2263.278333333333,0.5065548159049535,0.46013089042916766
46,203915,2.5951779640015875,0.20828205522353477,5.197984218374973,4293.159999999977,Spencer Dinwiddie,LAL,2152.4083333333333,2.1356726546285114,0.4595053093730761
186,1627827,0.2879795380888902,-2.322307925497462,2.7187647689507735,3751.259999999987,Dorian Finney-Smith,BKN,1934.5933333333332,-0.1686030994425073,0.4565826375313975
263,1630170,-0.5191771595078921,-3.3986411430863877,2.262946273952017,4600.899999999976,Devin Vassell,SAS,2247.7433333333333,-0.9736616777532009,0.4544845182453088
236,203078,-0.20328127653061787,-2.6626142332453733,2.6680638141467865,3492.7799999999957,Bradley Beal,PHX,1766.7333333333333,-0.6570603022856566,0.4537790257550387
9,203081,4.056795734729113,1.2066901891346915,6.415049814950143,5245.999999999985,Damian Lillard,MIL,2578.4283333333333,3.603051509047146,0.45374422568196726
251,1626171,-0.40142266162828555,-3.398394968593541,1.9888529830758963,4000.839999999979,Bobby Portis Jr.,MIL,2008.1666666666667,-0.8496590197574085,0.448236358129123
83,1629632,1.581219298105854,-0.8420686111384331,4.09202632952234,5579.179999999977,Coby White,CHI,2881.3566666666666,1.1578816705903876,0.42333762751546633
440,1628970,-3.0682160878473943,-5.914771758448083,-0.5060141675121457,5099.279999999976,Miles Bridges,CHA,2581.116666666667,-3.490758419968625,0.4225423321212305
62,1628467,2.005424614115136,-0.25148930648496187,4.513486475268683,1743.400000000011,Maxi Kleber,DAL,871.4116666666666,1.587038870969967,0.4183857431451692
197,203114,0.19313495008970544,-2.6734475140964573,2.9166729636455595,3007.900000000001,Khris Middleton,MIL,1487.27,-0.22101825631625083,0.41415320640595626
419,1628398,-2.4399350879434536,-4.717120489540554,-0.14489514364298967,4754.419999999981,Kyle Kuzma,WAS,2281.141666666667,-2.851242541978331,0.41130745403487756
161,1628389,0.6361697200294945,-1.7149255120268707,3.035052007512825,4673.299999999979,Bam Adebayo,MIA,2416.4733333333334,0.22901428250118383,0.4071554375283106
171,1629631,0.4912055976525435,-2.512789716266426,3.4327899559187305,3395.219999999991,De'Andre Hunter,ATL,1681.0933333333332,0.0844853845196441,0.4067202131328994
147,1630591,0.7386064451628613,-2.073660238323865,3.0355354433888535,4015.9199999999832,Jalen Suggs,ORL,2024.59,0.3333005083798761,0.4053059367829852
209,1630168,0.11169614591143612,-2.3990008211634857,2.657336913645896,2883.559999999999,Onyeka Okongwu,ATL,1404.7366666666667,-0.29298435549740903,0.40468050140884515
29,203497,3.203733255800663,0.7586700962040939,5.832315383871425,4987.079999999979,Rudy Gobert,MIN,2593.1133333333332,2.8030405874323683,0.40069266836829476
179,1630243,0.3966133780367145,-1.2479987600381468,2.0951953161043115,309.35999999999996,Trevelin Queen,ORL,164.72666666666666,0.01169097024249497,0.3849224077942195
240,1629011,-0.2982015799752598,-2.8297961743274644,2.0449957066652225,1457.9000000000062,Mitchell Robinson,NYK,768.11,-0.6799073697799509,0.3817057898046911
60,1627739,2.0529200064024047,-0.6364124398889067,4.391142841950024,2542.4800000000027,Kris Dunn,UTA,1249.1766666666667,1.6724917599507854,0.3804282464516193
80,1627750,1.6235373589113078,-0.9269132833288826,4.670999364875866,3604.7199999999934,Jamal Murray,DEN,1861.37,1.2487268563693688,0.37481050254193904
143,203939,0.8553397076083831,-1.7972291497786388,3.5441754001843067,1698.1200000000092,Dwight Powell,DAL,836.3033333333333,0.48701630226532905,0.368323405343054
269,1628964,-0.5705538811346009,-2.869518348396184,1.6779422034999159,1419.660000000006,Mo Bamba,PHI,740.3516666666667,-0.9370166306467348,0.36646274951213387
35,1628404,2.9492714136744413,-0.0143607492379092,5.5592308777636354,5147.99999999998,Josh Hart,NYK,2706.7716666666665,2.6082179974136577,0.34105341626078367
119,1630193,1.0910729333609617,-1.5769511627668846,3.7823478724552726,3948.339999999991,Immanuel Quickley,TOR,1985.3366666666666,0.750383498487219,0.3406894348737427
91,203935,1.4668601136540071,-0.9891068877888087,3.9488148188621137,1232.5200000000045,Marcus Smart,MEM,604.845,1.1271950478918673,0.33966506576213984
92,1630256,1.4646291392792492,-1.2940363832358415,4.445507343723093,2040.7000000000132,Jae'Sean Tate,HOU,1031.4566666666667,1.1280807762701945,0.33654836300905466
220,1641871,-0.030862666887817403,-2.6958008768862425,2.8647603689423717,2355.460000000007,Duop Reath,POR,1214.115,-0.3592577172880178,0.3283950504002004
277,1630577,-0.6461532915742056,-3.154533765576158,2.4170133769698143,3007.5399999999954,Julian Champagnie,SAS,1467.875,-0.9678560351662683,0.32170274359206263
335,1630595,-1.264907802007407,-3.6592616437834358,1.2088604885914342,4170.079999999983,Cade Cunningham,DET,2074.225,-1.5843609492659132,0.31945314725850626
235,1630214,-0.20174412092302052,-3.1426702918133023,2.822510458255059,1905.3000000000088,Xavier Tillman,BOS,974.555,-0.5203279558956123,0.3185838349725918
422,1629651,-2.512353356582527,-4.755430719585737,0.18732139196543462,4103.779999999982,Nic Claxton,BKN,2115.6633333333334,-2.8295176511720954,0.3171642945895683
218,1628426,-0.015385440040289836,-2.5671498468315046,2.289566418329985,1011.3000000000038,Sasha Vezenkov,SAC,511.0733333333333,-0.33139228717038544,0.3160068471300956
196,1629012,0.19461311556358935,-2.393849296967956,2.9994240009575353,4187.379999999987,Collin Sexton,UTA,2074.7633333333333,-0.11835122557605621,0.31296434113964555
73,1631246,1.761135597596888,-0.9890338100630208,4.180883955408492,2810.6599999999976,Vince Williams Jr.,MEM,1436.53,1.4508721254549453,0.31026347214194283
399,1641731,-2.1212485941884522,-4.607226422595147,0.6492779860329037,3517.6599999999894,Bilal Coulibaly,WAS,1715.25,-2.4309998365919956,0.30975124240354335
31,1630178,3.1017899095812504,0.32091912243105086,5.541096333005209,5147.359999999981,Tyrese Maxey,PHI,2625.806666666667,2.795002381208382,0.3067875283728685
256,1630188,-0.4616157425938256,-3.2606657821459906,2.2428018682187796,2135.8400000000097,Jalen Smith,IND,1046.625,-0.7648697189170093,0.3032539763231837
249,201959,-0.38439313329533836,-2.1875059708247453,1.291647022665885,400.6800000000003,Taj Gibson,DET,204.50333333333333,-0.6842327174417555,0.29983958414641715
165,1630172,0.6043797577437644,-2.25997227793078,3.7832383814061887,2263.160000000008,Patrick Williams,CHI,1174.085,0.3057348756110336,0.2986448821327308
118,1628960,1.1101595829405833,-1.7059368028680137,3.5528009476782008,5006.899999999982,Grayson Allen,PHX,2513.3,0.8143810719868168,0.2957785109537665
403,1626179,-2.191703108990726,-5.471668330774231,0.5614881046852898,4008.8999999999883,Terry Rozier,MIA,2040.3816666666667,-2.4846850129282982,0.29298190393757206
288,1631117,-0.7334702720200451,-3.6169998839522686,1.7720876766743627,2982.819999999998,Walker Kessler,UTA,1493.1066666666666,-1.0239411047132727,0.2904708326932276
284,1630163,-0.6983989174479175,-3.233750696134106,1.927111428480462,1447.3000000000068,LaMelo Ball,CHA,711.35,-0.9851887964796493,0.2867898790317318
22,202710,3.541503472616065,1.0984005782714776,6.642866175401544,3953.2199999999893,Jimmy Butler III,MIA,2042.0583333333334,3.257627039577388,0.28387643303867716
151,202685,0.7043099516663898,-2.120640309401322,3.1552250939498876,3785.7999999999884,Jonas Valanciunas,NOP,1924.8316666666667,0.42673076936340354,0.2775791823029862
19,1627832,3.6037658913589197,1.0030198720571062,6.141631307687766,5294.499999999979,Fred VanVleet,HOU,2684.4266666666667,3.3279854952758026,0.2757803960831171
359,1626162,-1.6226142199291276,-4.2772011630705284,1.048300017386467,4046.2999999999834,Kelly Oubre Jr.,PHI,2055.32,-1.8968153317966998,0.27420111186757223
176,202687,0.4350395076477436,-2.039654840237731,3.2057120877531,1563.2600000000073,Bismack Biyombo,OKC,791.4616666666667,0.16141403592747586,0.27362547172026774
319,1641998,-1.0808235742779824,-3.573420260150263,1.1963280602947346,1109.4400000000032,Trey Jemison III,MEM,573.985,-1.345970708586736,0.2651471343087537
81,201935,1.5956792363453312,-0.7187064692951983,4.325804828200442,4793.999999999975,James Harden,LAC,2469.6683333333335,1.3437561281588446,0.25192310818648656
388,1631241,-1.9773479016749882,-3.9591989651751356,0.3314873065439175,817.1600000000024,Javon Freeman-Liberty,TOR,403.03833333333336,-2.221336202429909,0.24398830075492062
264,1631128,-0.5383864761472821,-3.9639430662466095,1.9770807207265049,3199.8199999999915,Christian Braun,DEN,1655.565,-0.776385655714866,0.23799917956758387
369,1641787,-1.704412747794653,-4.004004217835039,0.6553583025139533,714.4200000000017,Tosan Evbuomwan,DET,366.5783333333333,-1.9402634534550256,0.2358507056603727
280,1630526,-0.6835864877063901,-2.822672193386428,1.170527833040439,661.5600000000018,Jeremiah Robinson-Earl,NOP,334.31333333333333,-0.9190308143687715,0.23544432666238146
425,1629684,-2.5943787591008562,-5.2852114076920955,0.099265677697813,4193.579999999981,Grant Williams,CHA,2129.56,-2.8242097879075696,0.22983102880671336
7,1628401,4.414967900735185,1.8784514260152017,6.556898196455262,4742.3399999999865,Derrick White,BOS,2380.985,4.195536075939405,0.21943182479578027
15,202681,3.690142662457522,0.9711477374695198,6.789651786661148,4062.61999999998,Kyrie Irving,DAL,2029.6083333333333,3.477988885591159,0.21215377686636305
378,1631095,-1.8244767863299034,-4.4627451728431256,1.0403894404796923,4780.199999999982,Jabari Smith Jr.,HOU,2423.845,-2.0349314154290474,0.21045462909914403
449,202711,-3.624681787348001,-6.250595767321363,-0.8485171114044074,2914.339999999999,Bojan Bogdanovic,NYK,1478.0033333333333,-3.8318258345560534,0.20714404720805257
189,1630544,0.28009312292795907,-2.5166086758133877,3.296682681887467,1907.1800000000092,Tre Mann,CHA,987.0983333333334,0.07680142704720391,0.20329169588075516
395,1630647,-2.049530000116464,-4.513191954007967,0.36706961233219104,824.320000000002,Eugene Omoruyi,WAS,393.3066666666667,-2.244226269555382,0.19469626943891782
293,1630556,-0.7705270946663068,-2.94046928031214,1.3987845661625649,527.1200000000009,Kessler Edwards,SAC,274.7416666666667,-0.956277524233667,0.1857504295673602
246,1629647,-0.36983763797717495,-2.2721709117205506,1.4298961588592942,303.16,Darius Bazley,UTA,151.825,-0.5553320075324023,0.18549436955522736
285,200768,-0.6990887007725445,-3.7032369649818935,2.0321108172933795,3266.7599999999948,Kyle Lowry,PHI,1689.7666666666667,-0.8818788305640026,0.18279012979145814
312,1630567,-0.9735877643320112,-3.600747929754264,1.9234811144575041,4189.119999999983,Scottie Barnes,TOR,2094.2483333333334,-1.154301895395651,0.18071413106363976
12,202695,3.7934751290880544,1.2376188037263658,6.594155895871256,4552.659999999977,Kawhi Leonard,LAC,2330.04,3.6130718650037026,0.1804032640843518
387,1629656,-1.9575503886418435,-4.843170340475288,0.7199238960315987,1966.0800000000102,Quentin Grimes,DET,1024.9433333333334,-2.134648876782436,0.17709848814059237
10,203484,3.8214937030925027,1.5782721886543771,6.140930421405138,4709.2399999999825,Kentavious Caldwell-Pope,DEN,2401.7566666666667,3.6475447019822287,0.173949001110274
23,1630200,3.501639673914159,0.7709515392870195,6.043453535681616,4359.159999999984,Tre Jones,SAS,2138.18,3.3278797202377453,0.17375995367641384
90,201142,1.4794675010107985,-1.2826362106524416,4.662382130308984,5591.239999999979,Kevin Durant,PHX,2790.6366666666668,1.3123913054385123,0.16707619557228615
126,1630166,0.9848440982400801,-1.8321087749478389,3.3285634870596774,4688.379999999986,Deni Avdija,WAS,2256.6433333333334,0.8195971262789429,0.16524697196113725
139,1631119,0.8752941030061041,-1.6949060655788695,3.891041453270745,1787.7600000000116,Jaylin Williams,OKC,896.9466666666667,0.7102573694045287,0.16503673360157545
141,1630180,0.8648307984094808,-1.807684056856816,3.5766608066348553,4184.179999999982,Saddiq Bey,ATL,2061.6583333333333,0.7017279496532195,0.16310284875626135
314,200782,-1.0232411830371935,-3.6548713363039824,1.8202623326048444,940.4200000000025,P.J. Tucker,LAC,486.31333333333333,-1.1843500687804034,0.16110888574320992
72,1631099,1.800067428763095,-1.102505381077149,4.456738258376612,5166.359999999989,Keegan Murray,SAC,2588.5666666666666,1.6405384239023126,0.15952900486078225
77,1630549,1.6941810835979147,-0.4218442699616458,4.469211345710681,1793.2800000000123,Day'Ron Sharpe,BKN,920.575,1.5433461812693732,0.15083490232854158
241,202709,-0.31205662505670406,-2.5618220209570053,1.8604945611154768,589.7800000000011,Cory Joseph,GSW,295.8933333333333,-0.4610799833399287,0.14902335828322466
353,202694,-1.5364376213870556,-4.362602287259081,1.182410378168778,1569.4400000000078,Marcus Morris Sr.,CLE,816.9766666666667,-1.6817932298444587,0.14535560845740303
75,1627736,1.7205672754854109,-1.06879066418893,4.353183541674733,4772.699999999986,Malik Beasley,MIL,2337.3716666666664,1.5756051161401314,0.14496215934527945
109,1641705,1.1968588269483074,-1.3284661285700556,4.036024042529583,4305.459999999978,Victor Wembanyama,SAS,2106.235,1.0520582873129365,0.14480053963537087
36,1628374,2.915531414070998,0.027416230493205823,5.6902470165946974,3699.7199999999893,Lauri Markkanen,UTA,1819.7466666666667,2.7714328456214052,0.1440985684495928
122,1627747,1.042947863070795,-1.3939657054254313,3.778519713217522,3831.8399999999788,Caris LeVert,CLE,1958.0833333333333,0.8995799342231516,0.14336792884764327
142,203944,0.8638614509908898,-1.7472213843875732,3.4793622797009474,3206.2599999999948,Julius Randle,NYK,1630.095,0.7221205278265715,0.1417409231643183
182,1630231,0.34803231912190147,-2.5921451852071575,2.8569886686461508,1477.000000000007,KJ Martin,PHI,746.495,0.20686729636050102,0.14116502276140044
105,202699,1.2489574181312155,-1.4341541730137162,3.4933825218773458,4668.339999999994,Tobias Harris,PHI,2367.78,1.1092027286806383,0.13975468945057723
316,1631100,-1.041343881730854,-2.9316178083999525,0.7612794627364848,355.94,AJ Griffin,ATL,170.73,-1.173932802860324,0.13258892112946996
190,1627863,0.2765824320620809,-1.9807009126519382,2.548339081757532,1008.980000000003,Danuel House Jr.,PHI,509.055,0.14986209841137826,0.12672033365070262
121,1628989,1.0691720964719569,-2.119842260293874,4.060125676405039,3149.1799999999967,Kevin Huerter,SAC,1562.2266666666667,0.9459468890890083,0.12322520738294862
203,1629626,0.13972477661939356,-2.035889701189052,2.4849343820396292,912.5200000000024,Bol Bol,PHX,469.0283333333333,0.019105048436306785,0.12061972818308678
420,1629599,-2.4916483565897924,-5.505711709953766,0.026668225293345643,2911.4399999999937,Amir Coffey,LAC,1460.5966666666666,-2.6120144052689467,0.12036604867915424
164,1629052,0.6051542259856396,-1.9392391501886377,2.9502497408294643,1241.3000000000052,Oshae Brissett,BOS,630.165,0.4877867720064651,0.11736745397917453
389,1631367,-1.984945198777967,-4.827879136274513,0.7930810297282479,1344.0800000000052,Jacob Gilyard,BKN,698.405,-2.101629862667841,0.1166846638898742
20,203992,3.5552542616254295,0.9620497643984959,5.959440320484206,4821.319999999979,Bogdan Bogdanović,ATL,2401.4083333333333,3.442133093336255,0.11312116828917462
416,1628971,-2.3420076464198725,-5.227125597338698,0.41819410806636875,3808.03999999998,Bruce Brown,TOR,1865.3666666666666,-2.454919780151245,0.11291213373137232
66,1631106,1.9148400416765579,-0.0037869321138340843,3.8636688246854067,933.2400000000029,Tari Eason,HOU,480.105,1.8028332376034573,0.1120068040731006
26,2544,3.4106685561805055,0.4036216770464813,6.190425847507748,5091.179999999984,LeBron James,LAL,2503.6833333333334,3.298819350321893,0.11184920585861224
124,1630548,1.0052340028689777,-1.1578178148671163,3.218459640488027,714.1600000000011,Johnny Juzang,UTA,371.80333333333334,0.8938755572439224,0.11135844562505526
180,201942,0.3899995238386676,-2.185768638478012,2.9236767391863627,5771.359999999973,DeMar DeRozan,CHI,2988.568333333333,0.2819574033803739,0.1080421204582937
149,1641716,0.7128649608622416,-1.673724952221075,2.5989437722632536,694.6600000000014,Jarace Walker,IND,340.42333333333335,0.6050742597728502,0.10779070108939137
411,1641748,-2.306157400557455,-5.144703056401519,0.19701887676048022,1146.4200000000044,Andre Jackson Jr.,MIL,572.3283333333334,-2.413195003887403,0.10703760332994783
59,1626181,2.056490548652413,-1.0545629809803538,4.638335969778392,3945.31999999998,Norman Powell,LAC,1990.3783333333333,1.95092136119159,0.10556918746082289
138,1627742,0.887204657076204,-1.9667792015476155,3.779523729113316,4141.89999999998,Brandon Ingram,NOP,2102.68,0.7897155926160456,0.09748906446015837
100,1631109,1.3094387553033249,-0.989703920533105,3.3745679756404026,1022.5000000000028,Mark Williams,CHA,508.39166666666665,1.214716470295985,0.09472228500733992
61,1630572,2.049461663538325,-0.24437225655025385,4.572537396285833,923.6600000000019,Sandro Mamukelashvili,SAS,450.9583333333333,1.9566884038913035,0.09277325964702166
355,1630641,-1.603276430420661,-3.433828064853376,0.08785444916924172,436.98000000000053,Ibou Badji,POR,225.81833333333333,-1.6919263790617765,0.08864994864111542
429,1630625,-2.6894848298506986,-5.310197419607448,-0.29437246364369163,2033.960000000012,Dalano Banton,POR,1046.8466666666666,-2.7767424017222244,0.08725757187152583
172,1627783,0.4834988212406953,-2.3422664817376475,3.080320076990988,5366.359999999977,Pascal Siakam,IND,2657.8883333333333,0.4030966752030217,0.0804021460376736
287,1629659,-0.7177237822909714,-3.215356110354576,1.8011917455851327,2002.4000000000108,Talen Horton-Tucker,UTA,1008.6983333333334,-0.7933498944094752,0.07562611211850379
48,204001,2.502794392696102,-0.06972436666915201,5.360109251521693,3410.1599999999935,Kristaps Porziņģis,BOS,1689.9483333333333,2.431212998879912,0.07158139381619
273,1629646,-0.6025734041411694,-2.338627130113236,0.9500755704691114,421.1000000000006,Charles Bassey,SAS,205.275,-0.6709874567232506,0.06841405258208111
358,1630537,-1.6206530867895994,-4.068613059766349,1.3076768965143764,1395.3400000000063,Chris Duarte,SAC,719.5183333333333,-1.6863872756955327,0.0657341889059333
78,1631114,1.6659947983631402,-0.7651840002706507,4.422469318280229,4526.479999999976,Jalen Williams,OKC,2223.5983333333334,1.6020238029322913,0.06397099543084894
252,1629007,-0.4035633562344128,-2.7844705713091056,2.1567982064945204,733.5400000000021,Jontay Porter,DET,359.73833333333334,-0.4606706441624394,0.05710728792802661
239,1630695,-0.27902424703241285,-2.2105330750083403,1.4193709934500776,366.7400000000001,Micah Potter,UTA,186.06,-0.33447209442530756,0.05544784739289471
439,1629673,-3.004882417968841,-5.844493844358286,-0.4418866041479723,4890.899999999982,Jordan Poole,WAS,2345.555,-3.0518120801688426,0.0469296622000015
79,204456,1.6602840391779725,-0.6990275278669399,4.332004057186053,2625.180000000001,T.J. McConnell,IND,1290.9766666666667,1.614342208946739,0.04594183023123355
11,203957,3.816976217129912,1.0537853985026477,6.912516179245071,2178.9800000000114,Dante Exum,DAL,1087.6216666666667,3.771494123126636,0.045482094003276075
444,1641718,-3.086892814971615,-5.463378002272331,-0.44108066078052865,4062.159999999983,Keyonte George,UTA,2022.5766666666666,-3.1288906885893737,0.04199787361775886
276,1630570,-0.6314400361734792,-2.736855880630735,2.209765669772736,1663.1200000000092,Trendon Watford,BKN,856.52,-0.6680665410871984,0.036626504913719216
350,1630245,-1.505533080950049,-4.216661394410857,1.272993342690792,4299.0199999999795,Ayo Dosunmu,CHI,2212.4683333333332,-1.5350292281216675,0.029496147171618636
430,1630533,-2.729933684588073,-5.535192867586553,0.14365991402138334,2037.1200000000122,Ziaire Williams,MEM,1037.6816666666666,-2.752958178448227,0.02302449386015404
14,1628392,3.7283257842091593,0.7592085832897152,6.469478104582923,3698.1199999999953,Isaiah Hartenstein,NYK,1896.3483333333334,3.71072381499032,0.017601969218839386
245,1628998,-0.35441961951089646,-2.914623402057804,2.0807252008943085,1483.4600000000048,Cody Martin,CHA,752.9916666666667,-0.37093294799926424,0.016513328488367784
258,1631093,-0.495873463405041,-3.268696983162755,2.024206819152056,4482.23999999999,Jaden Ivey,DET,2217.4766666666665,-0.5104557939229395,0.014582330517898479
116,1628984,1.1297717506705685,-0.8900956513740357,3.2348278476878445,627.0600000000012,Devonte' Graham,SAS,312.92333333333335,1.1173691471346714,0.012402603535897061
129,203200,0.9678912033211047,-1.8213418960629526,3.8197899016667534,1678.1800000000085,Justin Holiday,DEN,862.0133333333333,0.9613634055777942,0.006527797743310471
396,1629637,-2.049548874459675,-4.419127296242033,0.6688103816844483,1768.9400000000096,Jaxson Hayes,LAL,877.1333333333333,-2.0542094558623347,0.00466058140265968
442,1630192,-3.0774894993629225,-5.452155347933612,-0.6857553880625636,1098.6200000000033,Zeke Nnaji,DEN,576.12,-3.081364031781529,0.003874532418606691
2,1628384,5.272490542655767,2.4897267158284384,7.9698470383684406,3358.7999999999984,OG Anunoby,NYK,1702.035,5.271962637716082,0.0005279049396849089
175,1630611,0.443712673469252,-1.3444212861767997,2.170543488052475,387.42000000000013,Gui Santos,GSW,192.09,0.44417873770644434,-0.0004660642371923651
5,202331,4.830371643672569,2.3842013794520334,7.638504451089455,4865.85999999998,Paul George,LAC,2501.766666666667,4.835255788034981,-0.004884144362412357
306,1641931,-0.8913548388569159,-3.254043704133226,1.1677930684093076,521.2600000000008,Onuralp Bitim,CHI,267.9916666666667,-0.8854682543500683,-0.0058865845068476474
148,203914,0.7254097981232168,-2.3741663276221776,3.3948816789433596,2521.7800000000057,Gary Harris,ORL,1297.3466666666666,0.7348190099913746,-0.009409211868157796
133,1630205,0.9243762936909786,-1.4574418362514452,3.1537048401322156,1075.960000000004,Lamar Stevens,MEM,559.0133333333333,0.9379967945622947,-0.013620500871316055
13,1629029,3.7555175450173635,1.0180095661651405,6.477513345288638,5309.53999999998,Luka Dončić,DAL,2624.04,3.7711229768999295,-0.015605431882566023
131,1641739,0.9619021900702777,-1.7592008738871006,3.8264870676162337,3415.679999999992,Toumani Camara,POR,1739.32,0.9775614131653675,-0.015659223095089825
4,1628973,4.922710483447889,2.8111725903683555,7.5594901343032666,5265.139999999978,Jalen Brunson,NYK,2726.3033333333333,4.939514475959601,-0.016803992511711385
108,1628975,1.2080332610464728,-1.572275573771867,4.104176793437667,1943.200000000012,Jevon Carter,CHI,1003.6016666666667,1.2306602230036428,-0.022626961957169955
385,1631133,-1.9120187617619941,-4.709204930369614,1.1812327318223712,3305.0199999999904,Jabari Walker,POR,1700.5733333333333,-1.8891774342698198,-0.02284132749217438
202,1628418,0.14253599271136022,-2.22562927468825,2.247982553002187,867.4000000000024,Thomas Bryant,MIA,441.365,0.16908037669438097,-0.026544383983020753
184,1641732,0.32940938843313283,-1.458239890319191,2.4148079745974416,361.56000000000034,Colby Jones,SAC,191.73666666666668,0.3566785066424161,-0.027269118209283294
368,1630560,-1.6983296744475493,-4.6754309513327845,0.9034385406957204,4106.939999999978,Cam Thomas,BKN,2074.85,-1.6619043327038299,-0.036425341743719475
297,1641715,-0.8012693414203614,-3.326713539396697,2.1417316468138257,1772.6800000000108,Cam Whitmore,HOU,880.3333333333334,-0.7627439694658302,-0.03852537195453121
228,201152,-0.08759938020891966,-2.5133747345575195,2.249168146045942,847.9400000000018,Thaddeus Young,PHX,439.50166666666667,-0.04823453243835653,-0.039364847770563136
99,1629655,1.371011862314705,-1.2671330423854528,3.891969730400004,3744.659999999984,Daniel Gafford,DAL,1814.355,1.4112836011511152,-0.04027173883641022
346,1630184,-1.4531415131659542,-3.649077466159299,0.9611530802539373,528.6600000000004,Kira Lewis Jr.,UTA,264.2366666666667,-1.412117204252671,-0.041024308913283125
398,1630527,-2.1115150466463373,-4.459351173802155,0.3236822080080453,681.9400000000013,Brandon Boston Jr.,LAC,345.1716666666667,-2.07013661749155,-0.04137842915478718
181,1628963,0.3646185335891095,-2.689770108432204,3.1877250550592113,2153.5800000000104,Marvin Bagley III,WAS,1053.3516666666667,0.40661995104777177,-0.04200141745866226
134,203995,0.9197932146183035,-1.6086546488076694,3.6404551878499123,2289.600000000007,Vasilije Micic,CHA,1175.73,0.96190131823767,-0.042108103619366455
265,1630692,-0.5417047069835333,-3.2434231532778255,2.20523997466708,2045.5800000000124,Jordan Goodwin,MEM,1055.77,-0.4959914161382794,-0.04571329084525394
111,1630194,1.1717177199848419,-1.2706286098650819,4.1950220243472,3098.4199999999882,Paul Reed,PHI,1589.5016666666668,1.217598887687061,-0.04588116770221906
447,202397,-3.514869338339988,-6.0969887522333845,-0.7743536788942008,1479.080000000007,Ish Smith,CHA,740.8466666666667,-3.467895962067621,-0.04697337627236697
290,1641730,-0.7497877656243406,-2.8631699899822887,1.648545495506926,723.3800000000017,Noah Clowney,BKN,369.85833333333335,-0.7000041394060788,-0.04978362621826182
157,1629216,0.6620908661235457,-1.6438538558985072,3.084620124965245,443.52000000000044,Gabe Vincent,LAL,217.635,0.7123363334771715,-0.05024546735362578
259,1631216,-0.5032607603721274,-3.1472271821949906,2.3197901982372473,1553.2200000000066,Caleb Houstan,ORL,815.335,-0.4526277966468457,-0.0506329637252817
278,202066,-0.6741706425169388,-2.6484898137660022,1.1593131582881215,578.4200000000006,Garrett Temple,TOR,288.75333333333333,-0.6226679476990958,-0.051502694817842976
50,1630230,2.3664711131777088,-0.09260142263145818,5.325579279017211,2471.5000000000023,Naji Marshall,NOP,1257.1233333333332,2.423136320298356,-0.05666520712064704
414,1629667,-2.321089343558249,-4.646824480726132,0.24850138327949192,1071.040000000004,Jalen McDaniels,TOR,538.0066666666667,-2.260025498844133,-0.0610638447141163
127,1629630,0.969257060980896,-1.2538838877240626,2.8796736875506745,631.9600000000014,Ja Morant,MEM,317.925,1.0303726388140841,-0.061115577833188106
163,203991,0.6318714289106033,-1.7996388017558673,2.741627911054796,3818.1199999999867,Clint Capela,ATL,1883.0866666666666,0.6930635653872339,-0.061192136476630576
391,1631098,-2.0135574196067356,-4.699842399501353,0.0802837016570466,1267.6800000000053,Johnny Davis,WAS,613.48,-1.9522484413287298,-0.061308978278005855
123,1631262,1.0272526864481049,-0.7859365054206857,2.583447187510292,303.48,Jules Bernard,WAS,149.275,1.0932479396457284,-0.06599525319762356
291,1628969,-0.7606577383749783,-3.097987323833734,1.7709262596983224,5576.059999999987,Mikal Bridges,BKN,2854.24,-0.6945542728881963,-0.06610346548678203
339,1628981,-1.3406046358015198,-3.362647568631411,0.7397528956139962,1342.1800000000062,Bruno Fernando,ATL,682.3033333333333,-1.27299857966417,-0.06760605613734971
41,1626168,2.6516280811607027,0.2207785582873108,5.367690072462413,2271.4000000000096,Trey Lyles,SAC,1158.2183333333332,2.7210286049557966,-0.06940052379509387
69,201567,1.8398560310036862,-0.5196058246381721,4.525058699552483,1806.2600000000111,Kevin Love,MIA,924.2633333333333,1.923094764472155,-0.08323873346846877
177,1641741,0.4328243435642478,-1.4405350967547579,2.5257960241601514,579.9000000000011,Ricky Council IV,PHI,288.64,0.5197499470864365,-0.0869256035221887
55,1626157,2.204839561409297,-0.6702037871720719,5.146223096165264,3949.7399999999852,Karl-Anthony Towns,MIN,2025.565,2.29278923597263,-0.0879496745633328
294,1631288,-0.787351264586722,-3.007156618882576,1.4825881964927352,502.38000000000045,Jamal Cain,MIA,259.09166666666664,-0.6975455153452297,-0.08980574924149232
303,1630534,-0.8751887450219593,-3.6160206280947245,1.8166965865069127,3298.059999999995,Ochai Agbaji,TOR,1641.6116666666667,-0.7850748466011424,-0.09011389842081696
44,1629162,2.6134812140573036,0.19445498447638548,5.304717739363747,1220.9800000000043,Jordan McLaughlin,MIN,626.12,2.7037622567540316,-0.09028104269672799
85,1641726,1.5275756481912746,-1.4882212495346332,4.104812809156296,2578.340000000001,Dereck Lively II,DAL,1294.2816666666668,1.6186758868537452,-0.09110023866247063
64,201939,1.9363381486436908,-0.6011061513629286,4.276595430125204,4928.459999999986,Stephen Curry,GSW,2421.5383333333334,2.0276083296615113,-0.09127018101782047
307,1630540,-0.9038788365670675,-3.686618520617,2.1989283269181565,2491.460000000003,Miles McBride,NYK,1327.74,-0.8049378268319224,-0.09894100973514508
333,1641707,-1.2525953952118505,-3.8707572076608137,1.249604124037884,1719.780000000007,Taylor Hendricks,UTA,856.4316666666666,-1.1520736198226185,-0.10052177538923202
84,203496,1.57993837210382,-0.6600841179273524,3.9399721765554063,958.2600000000031,Robert Covington,PHI,488.415,1.6840323226867686,-0.10409395058294857
243,1629627,-0.3444814267454915,-2.848631614944982,2.5836242218798082,4409.719999999988,Zion Williamson,NOP,2206.923333333333,-0.23782937966012666,-0.10665204708536483
311,1629013,-0.9646839730297188,-3.311957292735608,1.6533827444358924,1487.320000000006,Landry Shamet,WAS,726.4966666666667,-0.8530293764997625,-0.11165459652995624
345,203493,-1.4410324053831975,-3.154031814783654,0.885592318037768,838.080000000002,Reggie Bullock Jr.,HOU,417.47333333333336,-1.3228348998062576,-0.11819750557693998
342,1630531,-1.4102649837775871,-4.147488380380243,1.184226821144557,997.1000000000031,Jaden Springer,BOS,506.995,-1.2912980870761956,-0.11896689670139149
144,203468,0.790682537389409,-2.0265422854291333,3.442757079691427,4251.899999999981,CJ McCollum,NOP,2158.536666666667,0.9098863866838796,-0.11920384929447059
120,1627936,1.0896141999946443,-1.7462796027031455,3.929337902686071,3977.0599999999868,Alex Caruso,CHI,2040.3433333333332,1.210641737014683,-0.12102753702003866
43,1630532,2.616756042126994,-0.15168211398627793,5.692423075772223,4558.619999999979,Franz Wagner,ORL,2337.4166666666665,2.7402315049798096,-0.12347546285281563
233,1631197,-0.15921607288978454,-1.8151450690966326,1.8233094079263932,469.5800000000003,Jared Rhoden,DET,245.01666666666668,-0.034165150002395894,-0.12505092288738864
17,1630573,3.6289517385266614,0.7568290028252384,6.454864321399202,3395.179999999991,Sam Hauser,BOS,1740.585,3.7577885521635057,-0.1288368136368443
261,1629312,-0.5134562947306732,-3.4045702346866085,2.7538686377229187,2630.500000000003,Haywood Highsmith,MIA,1365.835,-0.3844337569408078,-0.12902253778986544
154,1629636,0.6752198602881386,-1.561152535819358,2.9902889103407575,3675.4399999999855,Darius Garland,CLE,1900.4383333333333,0.808040539947062,-0.1328206796589234
443,1630587,-3.082218789232291,-5.309959337903995,-0.5319914963254222,954.680000000003,Isaiah Livers,DET,469.39666666666665,-2.945951331448503,-0.13626745778378835
54,1629001,2.234290174042201,-0.5017818728158728,4.727790683107802,2064.7200000000103,De'Anthony Melton,PHI,1023.3316666666667,2.37353915727572,-0.13924898323351886
248,1630590,-0.3810165563054178,-2.4924554860862256,2.2395051958608443,1048.2200000000028,Scotty Pippen Jr.,MEM,526.8283333333334,-0.24061896548920336,-0.14039759081621445
340,1629027,-1.3424320477464846,-4.131381701186714,1.2886416589548952,4027.0399999999886,Trae Young,ATL,1941.7133333333334,-1.2004489172842405,-0.1419831304622441
361,1630538,-1.6443711870877253,-4.185585445914145,0.8780889993088863,1056.0000000000023,Bones Hyland,LAC,540.21,-1.5017135250774474,-0.14265766201027796
94,1630264,1.4156570920734723,-0.5897314732460014,3.9997312125281295,947.8800000000024,Anthony Gill,WAS,466.49666666666667,1.5585370962586746,-0.1428800041852023
178,201569,0.41990807290002735,-2.565542005371676,3.4281506607923617,3749.8599999999838,Eric Gordon,PHX,1892.63,0.5713725715145009,-0.15146449861447359
93,1627763,1.438610308057105,-1.133483301115125,4.077113539929243,2201.7200000000093,Malcolm Brogdon,POR,1120.8166666666666,1.5910273522958802,-0.1524170442387751
238,1627826,-0.2698095979808029,-2.963436980701096,2.3598560701782927,3493.7399999999907,Ivica Zubac,LAC,1794.4483333333333,-0.10946198882151165,-0.16034760915929125
271,1641854,-0.5902921212649276,-3.38017495835471,1.8871964339523162,1245.1800000000044,Craig Porter Jr.,CLE,649.355,-0.42973417323397095,-0.16055794803095663
49,1626164,2.465175743814223,-0.32946031551489663,5.492262943335863,4860.719999999983,Devin Booker,PHX,2446.6566666666668,2.6264961201475363,-0.1613203763333133
417,1629642,-2.38100629120063,-4.857267104687299,-0.06802966122687881,905.0600000000026,Nassir Little,PHX,458.28333333333336,-2.214717103899278,-0.16628918730135211
337,1629640,-1.3330904993489352,-4.405587824261888,1.3830285017502164,4166.759999999973,Keldon Johnson,SAS,2038.3616666666667,-1.1631109295224071,-0.16997956982652807
242,1631218,-0.32993268318991803,-3.1264514599821993,2.6054540861716213,2246.5600000000054,Trayce Jackson-Davis,GSW,1130.4516666666666,-0.1587994068432182,-0.17113327634669984
318,1630649,-1.075605415199973,-3.4482595681215913,1.1295547853653105,619.3400000000012,Stanley Umude,DET,307.12166666666667,-0.903622786812015,-0.17198262838795797
434,1626196,-2.8705407701047023,-5.762051508767042,0.03950016645808104,2135.100000000011,Josh Richardson,MIA,1102.83,-2.689736472645921,-0.18080429745878135
162,203490,0.6323374972443498,-1.3313991202669058,2.3640109568427494,352.2600000000002,Otto Porter Jr.,TOR,174.07333333333332,0.8146565260709354,-0.18231902882658557
334,1630551,-1.2560741593999698,-3.1452194321405442,0.6454715767686426,482.0200000000007,Justin Champagnie,WAS,234.83833333333334,-1.0701454904201506,-0.1859286689798192
170,1631116,0.5074956683309957,-2.145170981197219,3.5185264787799033,1019.2200000000032,Patrick Baldwin Jr.,WAS,493.5083333333333,0.6968803667066292,-0.18938469837563354
405,203924,-2.246009292018497,-4.766935190332679,0.4826626149623141,3582.779999999987,Jerami Grant,POR,1830.1866666666667,-2.056199025717617,-0.18981026630088005
188,1630249,0.2858766709833124,-2.086532187090939,2.6078135277914023,1054.420000000003,Vít Krejčí,ATL,541.32,0.48292852283503623,-0.19705185185172386
205,1628997,0.13505460639840283,-2.353410398314449,2.9602329414115265,3374.7999999999893,Caleb Martin,MIA,1756.5533333333333,0.3329637007433733,-0.19790909434497045
272,203471,-0.5926022061108698,-3.1968888089742356,2.409638413667763,4869.839999999977,Dennis Schröder,BKN,2485.945,-0.3937314321997524,-0.1988707739111174
232,1627741,-0.14672281550981675,-3.0510209014351957,2.4701309268904343,4356.299999999975,Buddy Hield,PHI,2159.8883333333333,0.060291527441343744,-0.2070143429511605
446,1631103,-3.4602590521202425,-6.574124722683805,-0.7258617073485959,3269.0199999999936,Malaki Branham,SAS,1594.3266666666666,-3.252959560429089,-0.20729949169115347
418,1630201,-2.4002731489273827,-5.32269441493794,0.07421282677277709,1706.7000000000098,Malachi Flynn,DET,876.9216666666666,-2.191296338282673,-0.20897681064470985
279,1629723,-0.6798102169730355,-3.359087730674625,2.3402780051913776,2298.9800000000077,John Konchar,MEM,1173.5733333333333,-0.47036630373344546,-0.20944391323959
168,1630204,0.5587076312138869,-1.4690724108060509,2.461892823706596,584.5600000000013,Ashton Hagans,POR,315.57166666666666,0.7681657610068461,-0.2094581297929592
102,1629060,1.268262590626893,-1.1225566686526276,4.154568320697818,3709.359999999986,Rui Hachimura,LAL,1825.4933333333333,1.480082659931775,-0.21182006930488195
234,201988,-0.19881889438224176,-2.577912467353534,1.9788569271208525,827.620000000002,Patty Mills,MIA,415.315,0.013374193278721374,-0.21219308766096315
304,1631222,-0.8793659968373728,-3.904025545966668,1.5891369642952675,1578.5400000000081,Jake LaRavia,MEM,805.55,-0.665471011336191,-0.2138949855011818
407,1630235,-2.2735021407561455,-4.341042107649714,-0.26902835225529026,796.0200000000021,Trent Forrest,ATL,413.76166666666666,-2.05749767192653,-0.21600446882961544
39,1630202,2.775034105935425,0.35286823070681317,5.264042070555038,3492.4799999999923,Payton Pritchard,BOS,1825.7333333333333,2.9917497417241607,-0.21671563578873565
341,1630177,-1.3707856525427198,-3.1529871046681057,0.4842373629705251,430.42000000000047,Theo Maledon,PHX,213.19666666666666,-1.1525082088068852,-0.21827744373583458
377,1631121,-1.8126516339209173,-4.431791137979634,0.9743828403860706,1736.5800000000077,Bryce McGowens,CHA,881.595,-1.5921675301014189,-0.22048410381949846
110,1629008,1.1820346464797389,-0.8214182194839212,3.617687339280944,4997.659999999983,Michael Porter Jr.,DEN,2564.605,1.4036004591088538,-0.2215658126291149
98,1631165,1.394475162687983,-1.4820368675221127,4.256834182770321,1912.9800000000096,Keon Ellis,SAC,978.485,1.6162581230930002,-0.22178296040501722
367,202083,-1.6846159891502281,-4.0485161296679175,0.4783009701584211,820.9400000000021,Wesley Matthews,ATL,412.87,-1.4618283080510668,-0.22278768109916136
410,1641706,-2.2864208262113714,-5.238240521049274,0.3058390909931723,4701.819999999982,Brandon Miller,CHA,2382.963333333333,-2.06152468147388,-0.22489614473749153
348,1629643,-1.4796181208533312,-3.6240330638199456,0.8144343700682606,808.0200000000016,Chuma Okeke,ORL,431.73,-1.2527581706778077,-0.22685995017552352
210,1631254,0.1067101428933768,-1.6359237221672158,1.9345094049972036,402.5000000000003,Kenneth Lofton Jr.,UTA,198.30166666666668,0.3383359373179899,-0.2316257944246131
432,1641729,-2.817563402572746,-5.412851198037935,-0.11628209644214388,1178.2800000000036,Brice Sensabaugh,UTA,584.3633333333333,-2.5849715906370165,-0.23259181193572953
452,1641711,-4.423001899087448,-7.145675289460594,-1.5894936840910492,2560.1000000000045,Gradey Dick,TOR,1267.6683333333333,-4.186419681413553,-0.2365822176738952
392,1641765,-2.017676646720016,-4.065395980684456,-0.007104178477585928,685.5000000000009,Olivier-Maxence Prosper,DAL,336.21166666666664,-1.7770986650769574,-0.24057798164305866
25,1628378,3.4627710695144356,0.4365907296793065,6.293684047969785,3869.5199999999845,Donovan Mitchell,CLE,1942.65,3.7035009674591537,-0.2407298979447181
394,201599,-2.0460855303609127,-4.201824030457147,-0.002780929999466851,747.0600000000017,DeAndre Jordan,DEN,395.71666666666664,-1.8051845629516234,-0.24090096740928924
413,1630209,-2.319808601518119,-4.751845364806591,-0.013592272796999738,1077.9800000000025,Omer Yurtseven,UTA,545.1016666666667,-2.0705250270831788,-0.2492835744349402
292,1631104,-0.7675404793091659,-3.228515651621755,1.9428961120470891,1775.7400000000084,Blake Wesley,SAS,875.925,-0.5145644873347228,-0.2529759919744431
266,1628365,-0.5443424978777832,-3.4387277854656797,2.1363844662378937,1783.0200000000098,Markelle Fultz,ORL,909.9383333333334,-0.28905832273286736,-0.25528417514491586
115,1641774,1.1314945032244654,-0.7676270028960989,2.860075118426043,316.06,Tristan Vukcevic,WAS,153.41166666666666,1.388208415786729,-0.2567139125622635
267,1630285,-0.5484259481085213,-2.305646474907848,1.034981092689574,319.8600000000002,Zavier Simpson,DET,161.38333333333333,-0.2877471373319562,-0.2606788107765651
106,1631260,1.2423377070898498,-1.467891130088931,4.052333066191394,1190.160000000004,AJ Green,MIL,614.2816666666666,1.503285907754943,-0.26094820066509317
317,1631303,-1.0657632437873101,-3.126838285984227,1.1257415483958062,718.7000000000018,Justin Minaya,POR,380.98333333333335,-0.8046999750531617,-0.2610632687341484
67,201143,1.887836222302038,-1.1045476809871895,4.689336055024963,3403.579999999987,Al Horford,BOS,1739.7966666666666,2.1505630898113295,-0.26272686750929153
381,1641738,-1.888115914942023,-4.345657200934444,0.5574645184795735,770.5000000000019,Kobe Brown,LAC,393.99833333333333,-1.6209851910814073,-0.26713072386061576
372,1628966,-1.7305875126175623,-4.138780975659684,0.8525431443510323,1270.3200000000052,Keita Bates-Diop,BKN,664.59,-1.4570544756180124,-0.2735330369995499
231,1641763,-0.1446807721427033,-2.2148081483317794,1.9696071722276436,626.9800000000013,Julian Phillips,CHI,322.55,0.12899852980269616,-0.27367930194539947
213,1629130,0.03171485675502529,-2.6848568370809125,3.1217960844141954,3670.8599999999924,Duncan Robinson,MIA,1905.4483333333333,0.30584596150066024,-0.27413110474563496
212,1626174,0.035989884705775396,-2.527940959086915,2.55274927638249,1735.5600000000097,Christian Wood,LAL,871.9433333333334,0.31287857741377484,-0.27688869270799943
406,201145,-2.2514880439559093,-4.977449377438256,0.44379710067546185,2569.000000000006,Jeff Green,HOU,1307.3383333333334,-1.9698469305972959,-0.2816411133586134
71,1626156,1.8280525166235184,-0.7807124688606002,4.4149801322949065,5100.839999999984,D'Angelo Russell,LAL,2484.1283333333336,2.1098534256384447,-0.28180090901492627
68,1628449,1.8676036861642822,-0.9483754742241769,4.5283795481092595,1387.220000000006,Chris Boucher,TOR,704.8833333333333,2.1500228582635117,-0.2824191720992295
320,1630558,-1.083432574965561,-4.077541109688094,1.8687690587949972,2154.440000000013,Davion Mitchell,SAC,1101.1,-0.8004766058639078,-0.2829559691016531
206,1628976,0.12429074898093861,-2.3282822899683415,2.802478555219138,2735.320000000002,Wendell Carter Jr.,ORL,1406.3033333333333,0.41224045346007543,-0.2879497044791368
352,203897,-1.5247081150611985,-4.249640456422552,1.1212163670737854,1707.9400000000082,Zach LaVine,CHI,871.8616666666667,-1.236484056761066,-0.28822405830013254
152,1641767,0.697939793137491,-1.5229086088321862,3.1235296524057454,1660.420000000009,Ben Sheppard,IND,814.26,0.990450218110816,-0.292510424973325
214,1631115,0.02877134499952716,-2.353761935404548,2.119558658073214,574.5400000000008,Orlando Robinson,MIA,303.69,0.3220878225310934,-0.29331647753156626
225,1631221,-0.06358587642268641,-1.9505831761520862,1.7364080846500072,441.8600000000005,Collin Gillespie,DEN,225.365,0.2311780197205735,-0.29476389614325993
215,1631230,0.008390254127995912,-2.0598085606647047,2.333855731610356,839.8200000000026,Dominick Barlow,SAS,419.54,0.3036519974363967,-0.29526174330840077
32,203954,3.0703114156412807,0.25842927928089326,5.659819090334247,2641.2000000000025,Joel Embiid,PHI,1309.3716666666667,3.36593026597498,-0.29561885033369917
88,1628988,1.487158976712225,-1.0357699593379441,4.234573258142184,2504.940000000003,Aaron Holiday,HOU,1269.2966666666666,1.7923052192940399,-0.3051462425818148
328,203648,-1.1293478767295178,-2.9498394454768726,0.6960999298552415,307.91999999999996,Thanasis Antetokounmpo,MIL,155.43166666666667,-0.8237699162667144,-0.3055779604628034
30,1630631,3.155710840222961,0.15368471978060055,5.873098312587272,2014.4600000000128,Jose Alvarado,NOP,1028.37,3.4626750215727444,-0.3069641813497834
257,203486,-0.49180279917405517,-3.189074039899916,2.16012221998563,1338.1800000000046,Mason Plumlee,LAC,673.9266666666666,-0.18149804599729868,-0.3103047531767565
360,202691,-1.641427369685033,-4.671771257226192,1.0101598571742665,4619.779999999987,Klay Thompson,GSW,2284.1683333333335,-1.3290708957889823,-0.3123564738960507
423,1627745,-2.542340071366265,-4.881536648365084,-0.7190639270482334,508.20000000000044,Damian Jones,CLE,269.7316666666667,-2.228829482977081,-0.313510588389184
451,1626224,-4.3183832126959985,-6.8479194334722315,-1.3317632230833807,2598.2800000000047,Cedi Osman,SAS,1268.7516666666668,-4.004825763760327,-0.31355744893567117
193,1630240,0.24770702358729646,-1.4472620646280974,2.1597348351681727,353.70000000000005,Saben Lee,PHX,184.97166666666666,0.5628050825712764,-0.3150980589839799
195,1630678,0.19724365125186585,-1.8602776690553997,1.7618676153077706,359.9000000000002,Terry Taylor,CHI,187.63,0.5248532093489747,-0.3276095580971089
365,202693,-1.666976060012416,-3.4615637650153146,0.23152862680844002,443.4800000000005,Markieff Morris,DAL,216.38833333333332,-1.3339418200190791,-0.3330342399933368
101,1631323,1.304640272466775,-1.8144507990126397,4.015445849230627,3361.2599999999916,Simone Fontecchio,DET,1643.8933333333334,1.6381137394927434,-0.3334734670259685
156,1641708,0.6687892383026092,-2.4808825664636136,3.70515318187387,2791.3800000000015,Amen Thompson,HOU,1388.5316666666668,1.0024929608767208,-0.3337037225741116
401,1628972,-2.174139272632321,-4.948268124268355,0.2397606591419567,1646.000000000008,Troy Brown Jr.,DET,826.5116666666667,-1.8391329136737347,-0.3350063589585863
274,1626166,-0.6203885336738036,-3.6989076109449117,2.3850908772695165,2583.320000000001,Cameron Payne,PHI,1304.0766666666666,-0.2845596530879406,-0.335828880585863
216,1631311,0.0005604424556885964,-1.930427530346078,2.3110374922893566,782.5600000000013,Lester Quiñones,GSW,394.455,0.3389320291473388,-0.3383715866916502
82,1629622,1.58365762498751,-1.213620155965777,4.403325192366223,4444.879999999983,Max Strus,CLE,2239.175,1.925853702438319,-0.34219607745080904
308,1630197,-0.9105166188812853,-3.6668838848357614,1.6390234273260451,785.7600000000018,Aleksej Pokusevski,CHA,405.3833333333333,-0.5673614057820581,-0.34315521309922725
260,1631108,-0.5098497850081566,-3.441489914350977,2.425366167195717,1931.3000000000097,Max Christie,LAL,944.3183333333334,-0.15036798769898846,-0.3594817973091681
375,1629003,-1.7945035535502576,-4.385463598745629,0.7899665456014978,1182.6800000000037,Shake Milton,NYK,581.16,-1.4260020354447303,-0.36850151810552734
270,1629680,-0.587360214038997,-3.143282735740034,2.315639252557265,2933.0399999999936,Matisse Thybulle,POR,1487.3833333333334,-0.21477350219357838,-0.3725867118454186
336,1629002,-1.281223251512187,-3.7469371091957475,1.4096668095345999,1691.5800000000086,Chimezie Metu,DET,858.9066666666666,-0.9036770375222831,-0.37754621398990396
441,1631097,-3.0682587540933484,-5.789540887085481,-0.5270429252671953,3154.919999999997,Bennedict Mathurin,IND,1538.39,-2.6857570734367977,-0.38250168065655066
397,1631124,-2.0723217264895117,-4.214315855444049,0.3995030781659367,1086.9400000000037,Julian Strawther,DEN,545.415,-1.6888583653361755,-0.38346336115333624
112,1631170,1.1491334105493634,-1.847324810214455,4.043883706362593,4090.85999999998,Jaime Jaquez Jr.,MIA,2113.195,1.5335872035843237,-0.3844537930349603
255,1630579,-0.45569735910166353,-3.122057984505921,1.9741539103808958,1081.3200000000031,Jericho Sims,NYK,584.7833333333333,-0.07016162402312004,-0.3855357350785435
374,203095,-1.7786623284630332,-4.6664503038916525,0.4048754848781415,1158.120000000005,Evan Fournier,DET,579.6733333333333,-1.391713265324817,-0.3869490631382162
114,1626153,1.1427407869488093,-1.2281771134106534,3.8601221112131783,1474.7200000000073,Delon Wright,MIA,741.5666666666667,1.5299049876933348,-0.3871642007445255
295,1630699,-0.7917631088968796,-3.4855766572871913,1.8061133728232948,1236.3800000000053,MarJon Beauchamp,MIL,607.6883333333334,-0.3992954337703894,-0.3924676751264902
194,1631200,0.23301329259032816,-2.1821030654432176,2.551184692474548,2632.4000000000005,Kris Murray,POR,1348.2716666666668,0.6267607941766742,-0.393747501586346
40,203458,2.655170439293659,0.3361391651360263,4.784155278339642,866.700000000002,Alex Len,SAC,444.245,3.0529801346493395,-0.39780969535568067
282,1629669,-0.6883876349030756,-2.51502192509715,1.1051287027463743,423.4400000000006,Jaylen Nowell,SAC,213.76333333333332,-0.2869527257790104,-0.40143490912406526
366,1630173,-1.668984111000732,-4.785465750199377,1.2719761386844328,3092.2399999999984,Precious Achiuwa,NYK,1623.7533333333333,-1.2673188807977125,-0.4016652302030195
150,1628436,0.7123752498905274,-1.6233186177498313,3.3825512177540884,1891.060000000008,Luke Kornet,BOS,983.31,1.1145644866999702,-0.40218923680944285
296,201568,-0.7969396974510756,-3.2259015738594297,2.0316822077562877,1258.9000000000049,Danilo Gallinari,MIL,629.29,-0.3937564146889268,-0.4031832827621488
191,203083,0.26174253903933953,-1.8903490676349104,2.83011487562315,2582.480000000002,Andre Drummond,CHI,1351.2516666666668,0.66762983315876,-0.4058872941194205
3,203999,5.118187901693804,2.707215142364881,7.117212185817708,5382.899999999976,Nikola Jokić,DEN,2736.5333333333333,5.528205292976419,-0.41001739128261505
354,1629139,-1.5990252556103564,-4.138082507813848,0.4892445741926627,910.7400000000025,Yuta Watanabe,MEM,464.37333333333333,-1.1872520068779941,-0.4117732487323622
208,1630543,0.11514929306376047,-2.1409374241316232,2.7763192506923433,1573.3000000000093,Isaiah Jackson,IND,770.905,0.5343029303844715,-0.41915363732071104
330,1641723,-1.145817426728809,-2.7690425951169377,0.33908670928940765,390.80000000000035,Kobe Bufkin,ATL,196.00333333333333,-0.7239766222626421,-0.4218408044661669
63,1630530,2.0039539983639845,-1.1829301429049552,5.094070852056485,3331.9799999999946,Trey Murphy III,NOP,1690.265,2.4272280830155326,-0.42327408465154814
321,1629018,-1.0837022833019936,-3.6567350202900744,1.6762961905318694,3968.21999999999,Gary Trent Jr.,TOR,1993.5983333333334,-0.6443962630700582,-0.43930602023193543
426,1630702,-2.639564655654247,-5.563442911453793,0.037030452422594104,1996.6800000000108,Jaden Hardy,DAL,989.2133333333334,-2.1943557312831072,-0.4452089243711397
364,1631204,-1.6607268085909048,-4.35248839044439,0.9730143981323276,2735.060000000006,Marcus Sasser,DET,1351.11,-1.2147923513300034,-0.4459344572609014
322,203903,-1.0882170958113924,-4.012581594044039,1.244840940605803,3383.2399999999916,Jordan Clarkson,UTA,1682.3416666666667,-0.6419906587050843,-0.44622643710630805
427,1630165,-2.6711354624445742,-5.429932386005523,-0.28399219699794526,2051.1400000000103,Killian Hayes,DET,1007.6583333333333,-2.2186336572085965,-0.4525018052359777
357,203967,-1.6134226346431237,-4.584260976152075,1.0829451850302665,2180.2200000000103,Dario Saric,GSW,1097.7516666666668,-1.158777364470456,-0.45464527017266776
128,1628420,0.9685742702380213,-1.1851398059975173,3.772149485770987,926.3400000000023,Monte Morris,MIN,476.04333333333335,1.4240341385988966,-0.45545986836087526
448,1630164,-3.6022522922491165,-5.98652367868539,-0.8429452231293654,2196.1000000000117,James Wiseman,DET,1091.0433333333333,-3.1425376074380527,-0.4597146848110638
227,201565,-0.07264596906574865,-2.2483213262075123,1.8447320603371913,792.8600000000017,Derrick Rose,MEM,399.33666666666664,0.39116795837562657,-0.46381392744137523
237,1630215,-0.2633328361798294,-2.600904554131853,2.3996299859725907,1143.240000000004,Jared Butler,WAS,565.6516666666666,0.2008971070776801,-0.4642299432575095
229,1630346,-0.09395014631171508,-2.378573041973195,2.058338651448875,795.140000000002,Matt Ryan,NOP,390.385,0.37333113630826503,-0.46728128261998014
408,1631223,-2.2777726539590297,-4.98977343174087,0.21884039293911633,2341.2800000000093,David Roddy,PHX,1176.9816666666666,-1.8099426866346686,-0.4678299673243611
132,201587,0.9510239149801234,-1.7853126098740812,3.923398606565215,2999.399999999994,Nicolas Batum,PHI,1529.5866666666666,1.426049168482273,-0.4750252535021495
275,1629677,-0.6205838995186369,-2.742470769686614,1.6628013823069854,821.9000000000019,Luka Samanic,UTA,404.37666666666667,-0.13760942788778308,-0.48297447163085383
325,203925,-1.114930008780829,-2.6365254347341005,0.4897909373818247,341.38000000000017,Joe Harris,DET,169.97833333333332,-0.631643806596585,-0.4832862021842439
343,1629650,-1.4155176500607045,-3.0191535130684666,0.26642168564131435,384.7400000000003,Moses Brown,POR,199.97833333333332,-0.9308958662439684,-0.48462178381673615
300,1626158,-0.8334205243935126,-3.5935204979136337,1.5903152209294815,1114.6400000000035,Richaun Holmes,WAS,554.11,-0.3420684969178701,-0.49135202747564244
379,1629629,-1.8398310002874896,-4.585020849836702,0.7523901499445066,2015.2000000000103,Cam Reddish,LAL,984.0616666666666,-1.3466889243922608,-0.49314207589522874
217,1641778,-0.004030499056892087,-2.0385520138394964,2.2605018979423805,553.3600000000004,Leaky Black,CHA,284.08166666666665,0.499310890726897,-0.5033413897837891
262,1628995,-0.5154228255586681,-3.3064552366021074,2.056299665154958,1131.7400000000043,Kevin Knox II,POR,560.2333333333333,-0.009227451226244509,-0.5061953743324237
145,201572,0.7786394193965319,-2.005952682488497,3.314596089155697,4906.799999999986,Brook Lopez,MIL,2411.1516666666666,1.286737026625519,-0.508097607228987
382,1630219,-1.8971223252154237,-4.271844818344672,0.7746712494459447,828.9600000000024,Skylar Mays,LAL,433.27166666666665,-1.377432216843454,-0.5196901083719696
383,203501,-1.9020538337524495,-4.556794715784711,1.0365955721225175,4278.279999999971,Tim Hardaway Jr.,DAL,2120.3283333333334,-1.3583250229937551,-0.5437288107586944
160,1627788,0.6448960965111065,-1.679061473103483,2.599910208643094,619.0200000000016,Furkan Korkmaz,PHI,299.9266666666667,1.191752810931274,-0.5468567144201676
402,1628379,-2.187731447298589,-5.193068095568662,0.6777424403013522,1954.70000000001,Luke Kennard,MEM,999.0466666666666,-1.636276205196024,-0.5514552421025651
362,202330,-1.6458547364546958,-4.334448476784501,1.2129661815177404,2508.9600000000055,Gordon Hayward,OKC,1245.25,-1.090761069437686,-0.5550936670170099
183,1630541,0.3380331973951703,-1.8691023951389727,3.1255736292324214,2283.2600000000075,Moses Moody,GSW,1155.885,0.8941965204507448,-0.5561633230555745
428,1629670,-2.6819725904420713,-5.162563201248732,0.040385654435906,1454.7000000000073,Jordan Nwora,TOR,711.3933333333333,-2.1250600861666595,-0.5569125042754117
125,1630550,0.9952831013228586,-1.5491092347461808,4.069097385972342,1533.9200000000067,JT Thor,CHA,780.6266666666667,1.5545185871875935,-0.5592354858647349
356,1629726,-1.6056610351844254,-4.546646715094469,1.2192802675807917,1991.5200000000116,Garrison Mathews,ATL,992.1216666666667,-1.0434097101076496,-0.5622513250767758
33,1630169,3.0457813404274936,0.34228104742922005,5.763527655969254,4600.599999999979,Tyrese Haliburton,IND,2223.5383333333334,3.6231222771907494,-0.5773409367632558
331,1630552,-1.1826968515566474,-3.729369532506108,1.4692959546605597,3865.499999999985,Jalen Johnson,ATL,1888.8666666666666,-0.5961722258545983,-0.5865246257020491
347,1641712,-1.468087274639827,-3.626306072229962,1.01135269818328,1245.8800000000035,Rayan Rupert,POR,633.225,-0.8800101936804587,-0.5880770809593683
301,1627777,-0.8456464029652427,-3.3444676532241786,1.8693581339492047,3561.2799999999866,Georges Niang,CLE,1831.125,-0.2573522090420546,-0.5882941939231882
158,1630639,0.6544527277200078,-1.6361344107541522,2.7801510342084113,648.140000000001,A.J. Lawson,DAL,310.9,1.2441485362057867,-0.5896958084857788
349,203482,-1.4883173908386456,-4.165421821964737,1.2945600168514342,3550.899999999991,Kelly Olynyk,TOR,1758.73,-0.879820433770572,-0.6084969570680736
34,1641764,3.0094070572497778,0.303099902461209,5.956200894897846,3893.4999999999854,Brandin Podziemski,GSW,1968.2533333333333,3.635820335932251,-0.6264132786824734
76,1629674,1.7194470236165507,-0.5648466706330234,3.7516070384532365,646.4000000000015,Neemias Queta,BOS,333.21666666666664,2.3481825379693504,-0.6287355143527997
155,1631207,0.6713200871193248,-1.73109296617487,3.401696475652532,1313.4000000000067,Dalen Terry,CHI,680.71,1.304074907968014,-0.6327548208486893
433,1641877,-2.831658630913919,-4.895040393907078,-0.6967884633241848,594.4800000000012,Nate Mensah,CHA,306.64166666666665,-2.1969976384945706,-0.6346609924193483
421,1630583,-2.4917553724917485,-5.967101826563899,0.3005842378121501,3143.899999999998,Santi Aldama,MEM,1618.0566666666666,-1.855280541026197,-0.6364748314655515
200,1629022,0.16366590353328472,-2.287808435592702,3.0030941758882497,1998.1800000000133,Lonnie Walker IV,BKN,1011.14,0.8020686777909002,-0.6384027742576155
329,1631172,-1.133816118039938,-3.5804638222765943,1.2984006020061367,725.7200000000012,Ousmane Dieng,OKC,364.9533333333333,-0.49241390369671845,-0.6414022143432195
310,203488,-0.9404628165618746,-3.606379565851868,1.7261335809464924,1213.6600000000042,Mike Muscala,OKC,600.18,-0.295888943068038,-0.6445738734938367
185,1630191,0.2889845438869208,-2.259989641885071,2.940947772281502,2857.9400000000014,Isaiah Stewart,DET,1422.8166666666666,0.9371050697596311,-0.6481205258727103
89,203552,1.4815580780024848,-1.2602478375504067,3.977454513689501,1215.000000000004,Seth Curry,CHA,615.4133333333333,2.135374533425227,-0.6538164554227424
192,203469,0.25213571363825776,-1.7958460120004713,2.4467181275402465,656.1200000000008,Cody Zeller,NOP,319.70666666666665,0.9071337436680255,-0.6549980300297678
283,1629661,-0.6955045572412553,-3.5537107548930087,2.218569655581226,3116.159999999992,Cameron Johnson,BKN,1599.0383333333334,-0.030000844045849656,-0.6655037131954056
140,101108,0.8662040242597241,-2.08993712722355,3.079302786064467,3004.5999999999963,Chris Paul,GSW,1530.89,1.5325668917701911,-0.666362867510467
386,1626192,-1.9490422657024797,-4.761794458068774,0.8830960598408936,3350.6799999999894,Pat Connaughton,MIL,1676.28,-1.2522863553735974,-0.6967559103288823
436,202692,-2.90786466004033,-6.022989459647262,0.3003768217442947,2388.1400000000076,Alec Burks,NYK,1211.545,-2.2044982443562966,-0.7033664156840334
435,1629234,-2.886376561697536,-5.4744397118851404,-0.22531146270870409,2277.3600000000065,Drew Eubanks,PHX,1168.705,-2.171489401188273,-0.7148871605092628
230,1628464,-0.09859074396612921,-2.613855086755156,2.4148795111851755,2000.3400000000117,Daniel Theis,LAC,1014.84,0.6334712332562416,-0.7320619772223708
65,1629004,1.9351661367103024,-0.15955444921304004,4.2690791566858595,801.4400000000014,Svi Mykhailiuk,BOS,413.16333333333336,2.669617970282105,-0.7344518335718027
244,1629021,-0.3522240380742603,-2.6284518951220397,2.1172021897442455,2726.4600000000023,Moritz Wagner,ORL,1414.7366666666667,0.38492464501228324,-0.7371486830865435
187,1630592,0.2879277563132934,-2.725594660590114,2.956336897055703,1260.5600000000052,Jalen Wilson,BKN,664.5366666666666,1.0470615160116317,-0.7591337596983383
376,1630322,-1.8109354215904685,-3.8275758071442927,0.12246457162424562,552.5600000000007,Lindy Waters III,OKC,280.2083333333333,-1.0481064162394322,-0.7628290053510363
445,1630557,-3.410368741108785,-6.431461525447621,-0.9325102403415745,4253.439999999978,Corey Kispert,WAS,2067.435,-2.626910881722218,-0.7834578593865671
289,201580,-0.7347186909401766,-2.9615945830687456,1.4804683812560968,684.5400000000013,JaVale McGee,SAC,339.3616666666667,0.10566013401253586,-0.8403788249527124
380,1628370,-1.8635285830201527,-4.814246689881211,1.4188856865048085,3755.2199999999775,Malik Monk,SAC,1872.3066666666666,-0.9766029244176215,-0.8869256586025311
87,204060,1.5004355424140576,-1.1825871734165758,4.053664138313568,2277.040000000011,Joe Ingles,ORL,1169.0316666666668,2.423815854232822,-0.9233803118187645
437,1641733,-2.9229711901563684,-5.727561139013335,-0.4845141599053577,1401.5800000000054,Nick Smith Jr.,CHA,728.71,-1.985626714870245,-0.9373444752861235
223,201144,-0.048129968875799206,-2.6465512118979513,2.8293768843751823,4211.499999999984,Mike Conley,MIN,2193.4583333333335,0.8985259680822025,-0.9466559369580018
309,202722,-0.9273632764347375,-3.3983978748483894,1.5129823167263718,1310.1400000000049,Davis Bertans,CHA,674.0716666666667,0.10725052348022589,-1.0346137999149634
323,1630224,-1.1117767537351462,-3.801859848458473,1.3066494907455832,5181.699999999985,Jalen Green,HOU,2601.3816666666667,-0.036567959974913855,-1.0752087937602324
51,1629111,2.318465502782171,-0.11798520706475576,5.333291174427884,1537.4200000000078,Jock Landale,HOU,763.46,3.404133253257503,-1.085667750475332
207,1629675,0.11778075202823311,-2.6355807107025155,2.8241457284795835,3841.0999999999885,Naz Reid,MIN,1963.8283333333334,1.2620282972216004,-1.1442475451933674
281,1630241,-0.6875663346652452,-3.3618294239706046,2.0785022711166485,2053.6000000000113,Sam Merrill,CLE,1068.9183333333333,0.4674625925803033,-1.1550289272455485
370,202704,-1.7077327776936009,-4.583881252395647,0.9009273611259101,3528.7799999999875,Reggie Jackson,DEN,1816.82,-0.5389759195643767,-1.1687568581292243
393,1641722,-2.02218119426231,-4.848945431682683,1.1749810225157842,2291.7400000000102,Jordan Hawkins,NOP,1160.58,-0.8396667695128542,-1.182514424749456
302,1630175,-0.8520237959071867,-3.6809799453320826,1.7436572255158131,3487.359999999985,Cole Anthony,ORL,1817.3116666666667,0.38381680343320196,-1.2358405993403887
431,203926,-2.816898230670464,-5.387616503059455,0.5872649164132783,1854.4000000000103,Doug McDermott,IND,904.4783333333334,-1.5392466244373968,-1.2776516062330674
169,1630581,0.5162653509477513,-2.3643472196818065,3.346472111628116,4080.1799999999844,Josh Giddey,OKC,2011.5583333333334,2.1597086605372295,-1.6434433095894783
103,1630198,1.263096289404689,-1.5382484429190142,3.9067809264840943,2930.3199999999933,Isaiah Joe,OKC,1444.8666666666666,3.3728162350040316,-2.1097199455993425
